
-- DMC dump 1.0.0
-- ------------------------------------------------------
    
-- ----------------------------
-- Table structure for album
-- ----------------------------
    
CREATE TABLE `album` (
  `ALBUM_ID` int(11) NOT NULL AUTO_INCREMENT,
  `ALBUM_INTRODUCTION` tinytext,
  `ALBUM_NAME` varchar(20) DEFAULT NULL,
  `ALBUM_TIME` datetime DEFAULT NULL,
  `USER_ID` int(11) DEFAULT NULL,
  PRIMARY KEY (`ALBUM_ID`),
  KEY `USER_ID` (`USER_ID`),
  CONSTRAINT `album_ibfk_1` FOREIGN KEY (`USER_ID`) REFERENCES `user` (`USER_ID`) ON DELETE CASCADE
) ENGINE=InnoDB AUTO_INCREMENT=181 DEFAULT CHARSET=utf8; 
      
INSERT INTO `album` (`ALBUM_ID`,`ALBUM_INTRODUCTION`,`ALBUM_NAME`,`ALBUM_TIME`,`USER_ID`) VALUES (6,'This is the test Album','Album1','2020-09-09 14:33:47',5);
INSERT INTO `album` (`ALBUM_ID`,`ALBUM_INTRODUCTION`,`ALBUM_NAME`,`ALBUM_TIME`,`USER_ID`) VALUES (7,'To test~','AAAA','2020-09-09 14:35:04',7);
INSERT INTO `album` (`ALBUM_ID`,`ALBUM_INTRODUCTION`,`ALBUM_NAME`,`ALBUM_TIME`,`USER_ID`) VALUES (8,'This is about Magic','Magic','2020-09-09 14:35:54',8);
INSERT INTO `album` (`ALBUM_ID`,`ALBUM_INTRODUCTION`,`ALBUM_NAME`,`ALBUM_TIME`,`USER_ID`) VALUES (31,'www','www','2020-09-09 22:18:33',3);
INSERT INTO `album` (`ALBUM_ID`,`ALBUM_INTRODUCTION`,`ALBUM_NAME`,`ALBUM_TIME`,`USER_ID`) VALUES (32,'www','www','2020-09-09 22:18:36',3);
INSERT INTO `album` (`ALBUM_ID`,`ALBUM_INTRODUCTION`,`ALBUM_NAME`,`ALBUM_TIME`,`USER_ID`) VALUES (35,'www','www','2020-09-09 22:18:59',3);
INSERT INTO `album` (`ALBUM_ID`,`ALBUM_INTRODUCTION`,`ALBUM_NAME`,`ALBUM_TIME`,`USER_ID`) VALUES (36,'www','www','2020-09-09 22:19:07',3);
INSERT INTO `album` (`ALBUM_ID`,`ALBUM_INTRODUCTION`,`ALBUM_NAME`,`ALBUM_TIME`,`USER_ID`) VALUES (37,'www','www','2020-09-09 22:19:21',3);
INSERT INTO `album` (`ALBUM_ID`,`ALBUM_INTRODUCTION`,`ALBUM_NAME`,`ALBUM_TIME`,`USER_ID`) VALUES (38,'www','www','2020-09-09 22:19:23',3);
INSERT INTO `album` (`ALBUM_ID`,`ALBUM_INTRODUCTION`,`ALBUM_NAME`,`ALBUM_TIME`,`USER_ID`) VALUES (39,'www','www','2020-09-09 22:19:24',3);
INSERT INTO `album` (`ALBUM_ID`,`ALBUM_INTRODUCTION`,`ALBUM_NAME`,`ALBUM_TIME`,`USER_ID`) VALUES (40,'www','www','2020-09-09 22:19:24',3);
INSERT INTO `album` (`ALBUM_ID`,`ALBUM_INTRODUCTION`,`ALBUM_NAME`,`ALBUM_TIME`,`USER_ID`) VALUES (41,'www','www','2020-09-09 22:19:24',3);
INSERT INTO `album` (`ALBUM_ID`,`ALBUM_INTRODUCTION`,`ALBUM_NAME`,`ALBUM_TIME`,`USER_ID`) VALUES (42,'www','www','2020-09-09 22:19:24',3);
INSERT INTO `album` (`ALBUM_ID`,`ALBUM_INTRODUCTION`,`ALBUM_NAME`,`ALBUM_TIME`,`USER_ID`) VALUES (44,'www','www','2020-09-09 22:19:25',3);
INSERT INTO `album` (`ALBUM_ID`,`ALBUM_INTRODUCTION`,`ALBUM_NAME`,`ALBUM_TIME`,`USER_ID`) VALUES (45,'www','www','2020-09-09 22:19:25',3);
INSERT INTO `album` (`ALBUM_ID`,`ALBUM_INTRODUCTION`,`ALBUM_NAME`,`ALBUM_TIME`,`USER_ID`) VALUES (46,'www','www','2020-09-09 22:19:25',3);
INSERT INTO `album` (`ALBUM_ID`,`ALBUM_INTRODUCTION`,`ALBUM_NAME`,`ALBUM_TIME`,`USER_ID`) VALUES (47,'www','www','2020-09-09 22:19:25',3);
INSERT INTO `album` (`ALBUM_ID`,`ALBUM_INTRODUCTION`,`ALBUM_NAME`,`ALBUM_TIME`,`USER_ID`) VALUES (48,'www','www','2020-09-09 22:19:25',3);
INSERT INTO `album` (`ALBUM_ID`,`ALBUM_INTRODUCTION`,`ALBUM_NAME`,`ALBUM_TIME`,`USER_ID`) VALUES (49,'www','www','2020-09-09 22:19:25',3);
INSERT INTO `album` (`ALBUM_ID`,`ALBUM_INTRODUCTION`,`ALBUM_NAME`,`ALBUM_TIME`,`USER_ID`) VALUES (50,'www','www','2020-09-09 22:19:47',3);
INSERT INTO `album` (`ALBUM_ID`,`ALBUM_INTRODUCTION`,`ALBUM_NAME`,`ALBUM_TIME`,`USER_ID`) VALUES (51,'www','www','2020-09-09 22:19:47',3);
INSERT INTO `album` (`ALBUM_ID`,`ALBUM_INTRODUCTION`,`ALBUM_NAME`,`ALBUM_TIME`,`USER_ID`) VALUES (52,'www','www','2020-09-09 22:19:48',3);
INSERT INTO `album` (`ALBUM_ID`,`ALBUM_INTRODUCTION`,`ALBUM_NAME`,`ALBUM_TIME`,`USER_ID`) VALUES (53,'www','www','2020-09-09 22:19:48',3);
INSERT INTO `album` (`ALBUM_ID`,`ALBUM_INTRODUCTION`,`ALBUM_NAME`,`ALBUM_TIME`,`USER_ID`) VALUES (54,'www','www','2020-09-09 22:19:48',3);
INSERT INTO `album` (`ALBUM_ID`,`ALBUM_INTRODUCTION`,`ALBUM_NAME`,`ALBUM_TIME`,`USER_ID`) VALUES (55,'www','www','2020-09-09 22:20:39',3);
INSERT INTO `album` (`ALBUM_ID`,`ALBUM_INTRODUCTION`,`ALBUM_NAME`,`ALBUM_TIME`,`USER_ID`) VALUES (56,'www','www','2020-09-09 22:20:56',3);
INSERT INTO `album` (`ALBUM_ID`,`ALBUM_INTRODUCTION`,`ALBUM_NAME`,`ALBUM_TIME`,`USER_ID`) VALUES (57,'www','www','2020-09-09 22:20:57',3);
INSERT INTO `album` (`ALBUM_ID`,`ALBUM_INTRODUCTION`,`ALBUM_NAME`,`ALBUM_TIME`,`USER_ID`) VALUES (58,'www','www','2020-09-09 22:20:59',3);
INSERT INTO `album` (`ALBUM_ID`,`ALBUM_INTRODUCTION`,`ALBUM_NAME`,`ALBUM_TIME`,`USER_ID`) VALUES (59,'www','www','2020-09-09 22:23:15',3);
INSERT INTO `album` (`ALBUM_ID`,`ALBUM_INTRODUCTION`,`ALBUM_NAME`,`ALBUM_TIME`,`USER_ID`) VALUES (60,'www','www','2020-09-09 22:23:16',3);
INSERT INTO `album` (`ALBUM_ID`,`ALBUM_INTRODUCTION`,`ALBUM_NAME`,`ALBUM_TIME`,`USER_ID`) VALUES (61,'www','www','2020-09-09 22:23:17',3);
INSERT INTO `album` (`ALBUM_ID`,`ALBUM_INTRODUCTION`,`ALBUM_NAME`,`ALBUM_TIME`,`USER_ID`) VALUES (62,'www','www','2020-09-09 22:23:17',3);
INSERT INTO `album` (`ALBUM_ID`,`ALBUM_INTRODUCTION`,`ALBUM_NAME`,`ALBUM_TIME`,`USER_ID`) VALUES (63,'www','www','2020-09-09 22:23:17',3);
INSERT INTO `album` (`ALBUM_ID`,`ALBUM_INTRODUCTION`,`ALBUM_NAME`,`ALBUM_TIME`,`USER_ID`) VALUES (64,'www','www','2020-09-09 22:23:18',3);
INSERT INTO `album` (`ALBUM_ID`,`ALBUM_INTRODUCTION`,`ALBUM_NAME`,`ALBUM_TIME`,`USER_ID`) VALUES (65,'www','www','2020-09-09 22:27:47',3);
INSERT INTO `album` (`ALBUM_ID`,`ALBUM_INTRODUCTION`,`ALBUM_NAME`,`ALBUM_TIME`,`USER_ID`) VALUES (66,'www','www','2020-09-09 22:27:48',3);
INSERT INTO `album` (`ALBUM_ID`,`ALBUM_INTRODUCTION`,`ALBUM_NAME`,`ALBUM_TIME`,`USER_ID`) VALUES (67,'www','www','2020-09-09 22:27:50',3);
INSERT INTO `album` (`ALBUM_ID`,`ALBUM_INTRODUCTION`,`ALBUM_NAME`,`ALBUM_TIME`,`USER_ID`) VALUES (68,'www','www','2020-09-09 22:27:51',3);
INSERT INTO `album` (`ALBUM_ID`,`ALBUM_INTRODUCTION`,`ALBUM_NAME`,`ALBUM_TIME`,`USER_ID`) VALUES (69,'www','www','2020-09-09 22:27:51',3);
INSERT INTO `album` (`ALBUM_ID`,`ALBUM_INTRODUCTION`,`ALBUM_NAME`,`ALBUM_TIME`,`USER_ID`) VALUES (70,'www','www','2020-09-09 22:27:52',3);
INSERT INTO `album` (`ALBUM_ID`,`ALBUM_INTRODUCTION`,`ALBUM_NAME`,`ALBUM_TIME`,`USER_ID`) VALUES (71,'www','www','2020-09-09 22:27:52',3);
INSERT INTO `album` (`ALBUM_ID`,`ALBUM_INTRODUCTION`,`ALBUM_NAME`,`ALBUM_TIME`,`USER_ID`) VALUES (72,'www','www','2020-09-09 22:27:52',3);
INSERT INTO `album` (`ALBUM_ID`,`ALBUM_INTRODUCTION`,`ALBUM_NAME`,`ALBUM_TIME`,`USER_ID`) VALUES (73,'www','www','2020-09-09 22:27:50',3);
INSERT INTO `album` (`ALBUM_ID`,`ALBUM_INTRODUCTION`,`ALBUM_NAME`,`ALBUM_TIME`,`USER_ID`) VALUES (74,'www','www','2020-09-09 22:27:52',3);
INSERT INTO `album` (`ALBUM_ID`,`ALBUM_INTRODUCTION`,`ALBUM_NAME`,`ALBUM_TIME`,`USER_ID`) VALUES (75,'www','www','2020-09-09 22:27:52',3);
INSERT INTO `album` (`ALBUM_ID`,`ALBUM_INTRODUCTION`,`ALBUM_NAME`,`ALBUM_TIME`,`USER_ID`) VALUES (76,'www','www','2020-09-09 22:27:52',3);
INSERT INTO `album` (`ALBUM_ID`,`ALBUM_INTRODUCTION`,`ALBUM_NAME`,`ALBUM_TIME`,`USER_ID`) VALUES (77,'www','www','2020-09-09 22:29:01',3);
INSERT INTO `album` (`ALBUM_ID`,`ALBUM_INTRODUCTION`,`ALBUM_NAME`,`ALBUM_TIME`,`USER_ID`) VALUES (78,'www','www','2020-09-09 22:29:03',3);
INSERT INTO `album` (`ALBUM_ID`,`ALBUM_INTRODUCTION`,`ALBUM_NAME`,`ALBUM_TIME`,`USER_ID`) VALUES (79,'www','www','2020-09-09 22:29:03',3);
INSERT INTO `album` (`ALBUM_ID`,`ALBUM_INTRODUCTION`,`ALBUM_NAME`,`ALBUM_TIME`,`USER_ID`) VALUES (80,'www','www','2020-09-09 22:29:03',3);
INSERT INTO `album` (`ALBUM_ID`,`ALBUM_INTRODUCTION`,`ALBUM_NAME`,`ALBUM_TIME`,`USER_ID`) VALUES (81,'www','www','2020-09-09 22:29:03',3);
INSERT INTO `album` (`ALBUM_ID`,`ALBUM_INTRODUCTION`,`ALBUM_NAME`,`ALBUM_TIME`,`USER_ID`) VALUES (82,'www','www','2020-09-09 22:29:04',3);
INSERT INTO `album` (`ALBUM_ID`,`ALBUM_INTRODUCTION`,`ALBUM_NAME`,`ALBUM_TIME`,`USER_ID`) VALUES (83,'www','www','2020-09-09 22:29:04',3);
INSERT INTO `album` (`ALBUM_ID`,`ALBUM_INTRODUCTION`,`ALBUM_NAME`,`ALBUM_TIME`,`USER_ID`) VALUES (84,'www','www','2020-09-09 22:29:05',3);
INSERT INTO `album` (`ALBUM_ID`,`ALBUM_INTRODUCTION`,`ALBUM_NAME`,`ALBUM_TIME`,`USER_ID`) VALUES (85,'www','www','2020-09-09 22:29:05',3);
INSERT INTO `album` (`ALBUM_ID`,`ALBUM_INTRODUCTION`,`ALBUM_NAME`,`ALBUM_TIME`,`USER_ID`) VALUES (86,'www','www','2020-09-09 22:29:18',3);
INSERT INTO `album` (`ALBUM_ID`,`ALBUM_INTRODUCTION`,`ALBUM_NAME`,`ALBUM_TIME`,`USER_ID`) VALUES (87,'www','www','2020-09-09 22:29:46',3);
INSERT INTO `album` (`ALBUM_ID`,`ALBUM_INTRODUCTION`,`ALBUM_NAME`,`ALBUM_TIME`,`USER_ID`) VALUES (88,'www','www','2020-09-09 22:29:47',3);
INSERT INTO `album` (`ALBUM_ID`,`ALBUM_INTRODUCTION`,`ALBUM_NAME`,`ALBUM_TIME`,`USER_ID`) VALUES (89,'www','www','2020-09-09 22:30:31',3);
INSERT INTO `album` (`ALBUM_ID`,`ALBUM_INTRODUCTION`,`ALBUM_NAME`,`ALBUM_TIME`,`USER_ID`) VALUES (90,'www','www','2020-09-09 22:31:15',3);
INSERT INTO `album` (`ALBUM_ID`,`ALBUM_INTRODUCTION`,`ALBUM_NAME`,`ALBUM_TIME`,`USER_ID`) VALUES (91,'www','www','2020-09-09 22:32:38',3);
INSERT INTO `album` (`ALBUM_ID`,`ALBUM_INTRODUCTION`,`ALBUM_NAME`,`ALBUM_TIME`,`USER_ID`) VALUES (92,'www','www','2020-09-09 22:32:40',3);
INSERT INTO `album` (`ALBUM_ID`,`ALBUM_INTRODUCTION`,`ALBUM_NAME`,`ALBUM_TIME`,`USER_ID`) VALUES (93,'www','www','2020-09-09 22:32:40',3);
INSERT INTO `album` (`ALBUM_ID`,`ALBUM_INTRODUCTION`,`ALBUM_NAME`,`ALBUM_TIME`,`USER_ID`) VALUES (94,'www','www','2020-09-09 22:32:40',3);
INSERT INTO `album` (`ALBUM_ID`,`ALBUM_INTRODUCTION`,`ALBUM_NAME`,`ALBUM_TIME`,`USER_ID`) VALUES (95,'www','www','2020-09-09 22:32:41',3);
INSERT INTO `album` (`ALBUM_ID`,`ALBUM_INTRODUCTION`,`ALBUM_NAME`,`ALBUM_TIME`,`USER_ID`) VALUES (96,'www','www','2020-09-09 22:32:40',3);
INSERT INTO `album` (`ALBUM_ID`,`ALBUM_INTRODUCTION`,`ALBUM_NAME`,`ALBUM_TIME`,`USER_ID`) VALUES (97,'www','www','2020-09-09 22:33:28',3);
INSERT INTO `album` (`ALBUM_ID`,`ALBUM_INTRODUCTION`,`ALBUM_NAME`,`ALBUM_TIME`,`USER_ID`) VALUES (98,'www','www','2020-09-09 22:33:30',3);
INSERT INTO `album` (`ALBUM_ID`,`ALBUM_INTRODUCTION`,`ALBUM_NAME`,`ALBUM_TIME`,`USER_ID`) VALUES (99,'www','www','2020-09-09 22:33:31',3);
INSERT INTO `album` (`ALBUM_ID`,`ALBUM_INTRODUCTION`,`ALBUM_NAME`,`ALBUM_TIME`,`USER_ID`) VALUES (100,'www','www','2020-09-09 22:33:31',3);
INSERT INTO `album` (`ALBUM_ID`,`ALBUM_INTRODUCTION`,`ALBUM_NAME`,`ALBUM_TIME`,`USER_ID`) VALUES (101,'www','www','2020-09-09 22:33:35',3);
INSERT INTO `album` (`ALBUM_ID`,`ALBUM_INTRODUCTION`,`ALBUM_NAME`,`ALBUM_TIME`,`USER_ID`) VALUES (102,'www','www','2020-09-09 22:33:36',3);
INSERT INTO `album` (`ALBUM_ID`,`ALBUM_INTRODUCTION`,`ALBUM_NAME`,`ALBUM_TIME`,`USER_ID`) VALUES (103,'www','www','2020-09-09 22:33:37',3);
INSERT INTO `album` (`ALBUM_ID`,`ALBUM_INTRODUCTION`,`ALBUM_NAME`,`ALBUM_TIME`,`USER_ID`) VALUES (104,'www','www','2020-09-09 22:34:06',3);
INSERT INTO `album` (`ALBUM_ID`,`ALBUM_INTRODUCTION`,`ALBUM_NAME`,`ALBUM_TIME`,`USER_ID`) VALUES (105,'www','www','2020-09-09 22:34:07',3);
INSERT INTO `album` (`ALBUM_ID`,`ALBUM_INTRODUCTION`,`ALBUM_NAME`,`ALBUM_TIME`,`USER_ID`) VALUES (106,'www','www','2020-09-09 22:34:22',3);
INSERT INTO `album` (`ALBUM_ID`,`ALBUM_INTRODUCTION`,`ALBUM_NAME`,`ALBUM_TIME`,`USER_ID`) VALUES (107,'www','www','2020-09-09 22:34:23',3);
INSERT INTO `album` (`ALBUM_ID`,`ALBUM_INTRODUCTION`,`ALBUM_NAME`,`ALBUM_TIME`,`USER_ID`) VALUES (108,'www','www','2020-09-09 22:34:23',3);
INSERT INTO `album` (`ALBUM_ID`,`ALBUM_INTRODUCTION`,`ALBUM_NAME`,`ALBUM_TIME`,`USER_ID`) VALUES (109,'www','www','2020-09-09 22:34:23',3);
INSERT INTO `album` (`ALBUM_ID`,`ALBUM_INTRODUCTION`,`ALBUM_NAME`,`ALBUM_TIME`,`USER_ID`) VALUES (110,'www','www','2020-09-09 22:34:23',3);
INSERT INTO `album` (`ALBUM_ID`,`ALBUM_INTRODUCTION`,`ALBUM_NAME`,`ALBUM_TIME`,`USER_ID`) VALUES (111,'www','www','2020-09-09 22:34:24',3);
INSERT INTO `album` (`ALBUM_ID`,`ALBUM_INTRODUCTION`,`ALBUM_NAME`,`ALBUM_TIME`,`USER_ID`) VALUES (112,'www','www','2020-09-09 22:38:41',3);
INSERT INTO `album` (`ALBUM_ID`,`ALBUM_INTRODUCTION`,`ALBUM_NAME`,`ALBUM_TIME`,`USER_ID`) VALUES (113,'www','www','2020-09-09 22:38:42',3);
INSERT INTO `album` (`ALBUM_ID`,`ALBUM_INTRODUCTION`,`ALBUM_NAME`,`ALBUM_TIME`,`USER_ID`) VALUES (114,'www','www','2020-09-09 22:38:42',3);
INSERT INTO `album` (`ALBUM_ID`,`ALBUM_INTRODUCTION`,`ALBUM_NAME`,`ALBUM_TIME`,`USER_ID`) VALUES (115,'www','www','2020-09-09 22:38:46',3);
INSERT INTO `album` (`ALBUM_ID`,`ALBUM_INTRODUCTION`,`ALBUM_NAME`,`ALBUM_TIME`,`USER_ID`) VALUES (116,'www','www','2020-09-09 22:38:47',3);
INSERT INTO `album` (`ALBUM_ID`,`ALBUM_INTRODUCTION`,`ALBUM_NAME`,`ALBUM_TIME`,`USER_ID`) VALUES (117,'www','www','2020-09-09 22:38:52',3);
INSERT INTO `album` (`ALBUM_ID`,`ALBUM_INTRODUCTION`,`ALBUM_NAME`,`ALBUM_TIME`,`USER_ID`) VALUES (118,'www','www','2020-09-09 22:38:53',3);
INSERT INTO `album` (`ALBUM_ID`,`ALBUM_INTRODUCTION`,`ALBUM_NAME`,`ALBUM_TIME`,`USER_ID`) VALUES (119,'www','www','2020-09-09 22:39:04',3);
INSERT INTO `album` (`ALBUM_ID`,`ALBUM_INTRODUCTION`,`ALBUM_TIME`,`USER_ID`) VALUES (121,'111','2020-09-09 22:47:21',3);
INSERT INTO `album` (`ALBUM_ID`,`ALBUM_INTRODUCTION`,`ALBUM_TIME`,`USER_ID`) VALUES (122,'111','2020-09-09 22:50:33',3);
INSERT INTO `album` (`ALBUM_ID`,`ALBUM_INTRODUCTION`,`ALBUM_NAME`,`ALBUM_TIME`,`USER_ID`) VALUES (123,'111','我我我','2020-09-09 22:51:35',3);
INSERT INTO `album` (`ALBUM_ID`,`ALBUM_INTRODUCTION`,`ALBUM_NAME`,`ALBUM_TIME`,`USER_ID`) VALUES (124,'111','我','2020-09-09 22:52:10',3);
INSERT INTO `album` (`ALBUM_ID`,`ALBUM_INTRODUCTION`,`ALBUM_TIME`,`USER_ID`) VALUES (125,'111','2020-09-09 23:02:36',3);
INSERT INTO `album` (`ALBUM_ID`,`ALBUM_INTRODUCTION`,`ALBUM_NAME`,`ALBUM_TIME`,`USER_ID`) VALUES (128,'111','我我我','2020-09-09 23:04:30',3);
INSERT INTO `album` (`ALBUM_ID`,`ALBUM_INTRODUCTION`,`ALBUM_NAME`,`ALBUM_TIME`,`USER_ID`) VALUES (129,'111','我我我','2020-09-09 23:04:46',3);
INSERT INTO `album` (`ALBUM_ID`,`ALBUM_INTRODUCTION`,`ALBUM_NAME`,`ALBUM_TIME`,`USER_ID`) VALUES (130,'111','去去去','2020-09-09 23:04:50',3);
INSERT INTO `album` (`ALBUM_ID`,`ALBUM_INTRODUCTION`,`ALBUM_NAME`,`ALBUM_TIME`,`USER_ID`) VALUES (131,'111','我','2020-09-09 23:05:21',3);
INSERT INTO `album` (`ALBUM_ID`,`ALBUM_INTRODUCTION`,`ALBUM_NAME`,`ALBUM_TIME`,`USER_ID`) VALUES (132,'111','我','2020-09-09 23:06:01',3);
INSERT INTO `album` (`ALBUM_ID`,`ALBUM_INTRODUCTION`,`ALBUM_NAME`,`ALBUM_TIME`,`USER_ID`) VALUES (133,'111','啊啊啊啊啊','2020-09-09 23:09:56',3);
-- ----------------------------
-- Table structure for album_visit
-- ----------------------------
    
CREATE TABLE `album_visit` (
  `ALBUM_ID` int(11) NOT NULL,
  `USER_ID` int(11) NOT NULL,
  `ALBUM_VISIT_TIME` datetime NOT NULL,
  PRIMARY KEY (`USER_ID`,`ALBUM_ID`,`ALBUM_VISIT_TIME`),
  KEY `album_visit_ibfk_2` (`ALBUM_ID`),
  CONSTRAINT `album_visit_ibfk_1` FOREIGN KEY (`USER_ID`) REFERENCES `user` (`USER_ID`) ON DELETE CASCADE,
  CONSTRAINT `album_visit_ibfk_2` FOREIGN KEY (`ALBUM_ID`) REFERENCES `album` (`ALBUM_ID`) ON DELETE CASCADE
) ENGINE=InnoDB DEFAULT CHARSET=utf8; 
      
INSERT INTO `album_visit` (`ALBUM_ID`,`USER_ID`,`ALBUM_VISIT_TIME`) VALUES (6,3,'2020-09-17 20:14:28');
INSERT INTO `album_visit` (`ALBUM_ID`,`USER_ID`,`ALBUM_VISIT_TIME`) VALUES (6,3,'2020-09-17 20:26:59');
INSERT INTO `album_visit` (`ALBUM_ID`,`USER_ID`,`ALBUM_VISIT_TIME`) VALUES (6,3,'2020-09-17 20:27:01');
INSERT INTO `album_visit` (`ALBUM_ID`,`USER_ID`,`ALBUM_VISIT_TIME`) VALUES (6,3,'2020-09-17 20:27:18');
INSERT INTO `album_visit` (`ALBUM_ID`,`USER_ID`,`ALBUM_VISIT_TIME`) VALUES (6,3,'2020-09-17 21:12:21');
INSERT INTO `album_visit` (`ALBUM_ID`,`USER_ID`,`ALBUM_VISIT_TIME`) VALUES (6,3,'2020-09-18 20:43:54');
INSERT INTO `album_visit` (`ALBUM_ID`,`USER_ID`,`ALBUM_VISIT_TIME`) VALUES (6,3,'2020-09-18 22:04:01');
INSERT INTO `album_visit` (`ALBUM_ID`,`USER_ID`,`ALBUM_VISIT_TIME`) VALUES (6,3,'2020-09-18 22:04:12');
INSERT INTO `album_visit` (`ALBUM_ID`,`USER_ID`,`ALBUM_VISIT_TIME`) VALUES (6,3,'2020-09-19 09:30:44');
INSERT INTO `album_visit` (`ALBUM_ID`,`USER_ID`,`ALBUM_VISIT_TIME`) VALUES (6,3,'2020-09-19 09:45:38');
INSERT INTO `album_visit` (`ALBUM_ID`,`USER_ID`,`ALBUM_VISIT_TIME`) VALUES (6,3,'2020-09-19 09:46:24');
INSERT INTO `album_visit` (`ALBUM_ID`,`USER_ID`,`ALBUM_VISIT_TIME`) VALUES (6,3,'2020-09-19 09:47:45');
INSERT INTO `album_visit` (`ALBUM_ID`,`USER_ID`,`ALBUM_VISIT_TIME`) VALUES (6,3,'2020-09-19 09:47:52');
INSERT INTO `album_visit` (`ALBUM_ID`,`USER_ID`,`ALBUM_VISIT_TIME`) VALUES (6,3,'2020-09-19 09:47:56');
INSERT INTO `album_visit` (`ALBUM_ID`,`USER_ID`,`ALBUM_VISIT_TIME`) VALUES (6,3,'2020-09-19 09:48:01');
INSERT INTO `album_visit` (`ALBUM_ID`,`USER_ID`,`ALBUM_VISIT_TIME`) VALUES (6,3,'2020-09-19 09:48:06');
INSERT INTO `album_visit` (`ALBUM_ID`,`USER_ID`,`ALBUM_VISIT_TIME`) VALUES (6,3,'2020-09-19 09:48:12');
INSERT INTO `album_visit` (`ALBUM_ID`,`USER_ID`,`ALBUM_VISIT_TIME`) VALUES (6,3,'2020-09-19 09:48:24');
INSERT INTO `album_visit` (`ALBUM_ID`,`USER_ID`,`ALBUM_VISIT_TIME`) VALUES (6,3,'2020-09-19 09:48:30');
INSERT INTO `album_visit` (`ALBUM_ID`,`USER_ID`,`ALBUM_VISIT_TIME`) VALUES (6,3,'2020-09-19 09:49:17');
INSERT INTO `album_visit` (`ALBUM_ID`,`USER_ID`,`ALBUM_VISIT_TIME`) VALUES (6,3,'2020-09-19 09:49:19');
INSERT INTO `album_visit` (`ALBUM_ID`,`USER_ID`,`ALBUM_VISIT_TIME`) VALUES (6,3,'2020-09-19 09:49:23');
INSERT INTO `album_visit` (`ALBUM_ID`,`USER_ID`,`ALBUM_VISIT_TIME`) VALUES (6,3,'2020-09-19 09:53:30');
INSERT INTO `album_visit` (`ALBUM_ID`,`USER_ID`,`ALBUM_VISIT_TIME`) VALUES (6,5,'2020-09-13 02:09:05');
INSERT INTO `album_visit` (`ALBUM_ID`,`USER_ID`,`ALBUM_VISIT_TIME`) VALUES (6,5,'2020-09-13 02:19:37');
INSERT INTO `album_visit` (`ALBUM_ID`,`USER_ID`,`ALBUM_VISIT_TIME`) VALUES (6,5,'2020-09-19 10:10:02');
INSERT INTO `album_visit` (`ALBUM_ID`,`USER_ID`,`ALBUM_VISIT_TIME`) VALUES (6,5,'2020-09-19 10:10:08');
INSERT INTO `album_visit` (`ALBUM_ID`,`USER_ID`,`ALBUM_VISIT_TIME`) VALUES (6,5,'2020-09-19 10:14:48');
INSERT INTO `album_visit` (`ALBUM_ID`,`USER_ID`,`ALBUM_VISIT_TIME`) VALUES (6,5,'2020-09-19 11:20:05');
INSERT INTO `album_visit` (`ALBUM_ID`,`USER_ID`,`ALBUM_VISIT_TIME`) VALUES (6,5,'2020-09-19 11:20:21');
INSERT INTO `album_visit` (`ALBUM_ID`,`USER_ID`,`ALBUM_VISIT_TIME`) VALUES (31,3,'2020-09-11 13:28:48');
INSERT INTO `album_visit` (`ALBUM_ID`,`USER_ID`,`ALBUM_VISIT_TIME`) VALUES (31,3,'2020-09-11 18:52:20');
INSERT INTO `album_visit` (`ALBUM_ID`,`USER_ID`,`ALBUM_VISIT_TIME`) VALUES (31,3,'2020-09-11 18:53:37');
INSERT INTO `album_visit` (`ALBUM_ID`,`USER_ID`,`ALBUM_VISIT_TIME`) VALUES (31,3,'2020-09-11 18:53:58');
INSERT INTO `album_visit` (`ALBUM_ID`,`USER_ID`,`ALBUM_VISIT_TIME`) VALUES (31,3,'2020-09-11 19:07:22');
INSERT INTO `album_visit` (`ALBUM_ID`,`USER_ID`,`ALBUM_VISIT_TIME`) VALUES (31,3,'2020-09-11 22:27:12');
INSERT INTO `album_visit` (`ALBUM_ID`,`USER_ID`,`ALBUM_VISIT_TIME`) VALUES (31,3,'2020-09-11 22:27:24');
INSERT INTO `album_visit` (`ALBUM_ID`,`USER_ID`,`ALBUM_VISIT_TIME`) VALUES (31,3,'2020-09-11 22:28:19');
INSERT INTO `album_visit` (`ALBUM_ID`,`USER_ID`,`ALBUM_VISIT_TIME`) VALUES (31,3,'2020-09-11 22:28:29');
INSERT INTO `album_visit` (`ALBUM_ID`,`USER_ID`,`ALBUM_VISIT_TIME`) VALUES (31,3,'2020-09-11 22:29:29');
INSERT INTO `album_visit` (`ALBUM_ID`,`USER_ID`,`ALBUM_VISIT_TIME`) VALUES (31,3,'2020-09-11 22:29:32');
INSERT INTO `album_visit` (`ALBUM_ID`,`USER_ID`,`ALBUM_VISIT_TIME`) VALUES (31,3,'2020-09-11 22:30:02');
INSERT INTO `album_visit` (`ALBUM_ID`,`USER_ID`,`ALBUM_VISIT_TIME`) VALUES (31,3,'2020-09-11 22:31:41');
INSERT INTO `album_visit` (`ALBUM_ID`,`USER_ID`,`ALBUM_VISIT_TIME`) VALUES (31,3,'2020-09-11 22:33:40');
INSERT INTO `album_visit` (`ALBUM_ID`,`USER_ID`,`ALBUM_VISIT_TIME`) VALUES (31,3,'2020-09-11 22:34:05');
INSERT INTO `album_visit` (`ALBUM_ID`,`USER_ID`,`ALBUM_VISIT_TIME`) VALUES (31,3,'2020-09-11 22:34:19');
INSERT INTO `album_visit` (`ALBUM_ID`,`USER_ID`,`ALBUM_VISIT_TIME`) VALUES (31,3,'2020-09-11 22:34:34');
INSERT INTO `album_visit` (`ALBUM_ID`,`USER_ID`,`ALBUM_VISIT_TIME`) VALUES (31,3,'2020-09-11 22:35:30');
INSERT INTO `album_visit` (`ALBUM_ID`,`USER_ID`,`ALBUM_VISIT_TIME`) VALUES (31,3,'2020-09-11 22:35:44');
INSERT INTO `album_visit` (`ALBUM_ID`,`USER_ID`,`ALBUM_VISIT_TIME`) VALUES (31,3,'2020-09-11 22:36:08');
INSERT INTO `album_visit` (`ALBUM_ID`,`USER_ID`,`ALBUM_VISIT_TIME`) VALUES (31,3,'2020-09-11 22:36:16');
INSERT INTO `album_visit` (`ALBUM_ID`,`USER_ID`,`ALBUM_VISIT_TIME`) VALUES (31,3,'2020-09-11 22:36:39');
INSERT INTO `album_visit` (`ALBUM_ID`,`USER_ID`,`ALBUM_VISIT_TIME`) VALUES (31,3,'2020-09-11 22:36:46');
INSERT INTO `album_visit` (`ALBUM_ID`,`USER_ID`,`ALBUM_VISIT_TIME`) VALUES (31,3,'2020-09-11 22:37:21');
INSERT INTO `album_visit` (`ALBUM_ID`,`USER_ID`,`ALBUM_VISIT_TIME`) VALUES (31,3,'2020-09-11 22:38:02');
INSERT INTO `album_visit` (`ALBUM_ID`,`USER_ID`,`ALBUM_VISIT_TIME`) VALUES (31,3,'2020-09-11 22:39:10');
INSERT INTO `album_visit` (`ALBUM_ID`,`USER_ID`,`ALBUM_VISIT_TIME`) VALUES (31,3,'2020-09-11 22:40:56');
INSERT INTO `album_visit` (`ALBUM_ID`,`USER_ID`,`ALBUM_VISIT_TIME`) VALUES (31,3,'2020-09-11 22:40:58');
INSERT INTO `album_visit` (`ALBUM_ID`,`USER_ID`,`ALBUM_VISIT_TIME`) VALUES (31,3,'2020-09-11 22:41:30');
INSERT INTO `album_visit` (`ALBUM_ID`,`USER_ID`,`ALBUM_VISIT_TIME`) VALUES (31,3,'2020-09-11 22:41:33');
INSERT INTO `album_visit` (`ALBUM_ID`,`USER_ID`,`ALBUM_VISIT_TIME`) VALUES (31,3,'2020-09-11 22:41:41');
INSERT INTO `album_visit` (`ALBUM_ID`,`USER_ID`,`ALBUM_VISIT_TIME`) VALUES (31,3,'2020-09-11 22:43:33');
INSERT INTO `album_visit` (`ALBUM_ID`,`USER_ID`,`ALBUM_VISIT_TIME`) VALUES (31,3,'2020-09-11 22:44:16');
INSERT INTO `album_visit` (`ALBUM_ID`,`USER_ID`,`ALBUM_VISIT_TIME`) VALUES (31,3,'2020-09-11 22:44:43');
INSERT INTO `album_visit` (`ALBUM_ID`,`USER_ID`,`ALBUM_VISIT_TIME`) VALUES (31,3,'2020-09-11 22:45:09');
INSERT INTO `album_visit` (`ALBUM_ID`,`USER_ID`,`ALBUM_VISIT_TIME`) VALUES (31,3,'2020-09-11 23:35:50');
INSERT INTO `album_visit` (`ALBUM_ID`,`USER_ID`,`ALBUM_VISIT_TIME`) VALUES (31,3,'2020-09-11 23:37:41');
INSERT INTO `album_visit` (`ALBUM_ID`,`USER_ID`,`ALBUM_VISIT_TIME`) VALUES (31,3,'2020-09-11 23:41:18');
INSERT INTO `album_visit` (`ALBUM_ID`,`USER_ID`,`ALBUM_VISIT_TIME`) VALUES (31,3,'2020-09-11 23:42:35');
INSERT INTO `album_visit` (`ALBUM_ID`,`USER_ID`,`ALBUM_VISIT_TIME`) VALUES (31,3,'2020-09-11 23:42:57');
INSERT INTO `album_visit` (`ALBUM_ID`,`USER_ID`,`ALBUM_VISIT_TIME`) VALUES (31,3,'2020-09-11 23:45:14');
INSERT INTO `album_visit` (`ALBUM_ID`,`USER_ID`,`ALBUM_VISIT_TIME`) VALUES (31,3,'2020-09-11 23:46:23');
INSERT INTO `album_visit` (`ALBUM_ID`,`USER_ID`,`ALBUM_VISIT_TIME`) VALUES (31,3,'2020-09-11 23:49:38');
INSERT INTO `album_visit` (`ALBUM_ID`,`USER_ID`,`ALBUM_VISIT_TIME`) VALUES (31,3,'2020-09-11 23:49:42');
INSERT INTO `album_visit` (`ALBUM_ID`,`USER_ID`,`ALBUM_VISIT_TIME`) VALUES (31,3,'2020-09-11 23:50:01');
INSERT INTO `album_visit` (`ALBUM_ID`,`USER_ID`,`ALBUM_VISIT_TIME`) VALUES (31,3,'2020-09-11 23:52:08');
INSERT INTO `album_visit` (`ALBUM_ID`,`USER_ID`,`ALBUM_VISIT_TIME`) VALUES (31,3,'2020-09-11 23:57:36');
INSERT INTO `album_visit` (`ALBUM_ID`,`USER_ID`,`ALBUM_VISIT_TIME`) VALUES (31,3,'2020-09-12 00:02:09');
INSERT INTO `album_visit` (`ALBUM_ID`,`USER_ID`,`ALBUM_VISIT_TIME`) VALUES (31,3,'2020-09-12 00:05:01');
INSERT INTO `album_visit` (`ALBUM_ID`,`USER_ID`,`ALBUM_VISIT_TIME`) VALUES (31,3,'2020-09-12 00:05:11');
INSERT INTO `album_visit` (`ALBUM_ID`,`USER_ID`,`ALBUM_VISIT_TIME`) VALUES (31,3,'2020-09-12 00:05:25');
INSERT INTO `album_visit` (`ALBUM_ID`,`USER_ID`,`ALBUM_VISIT_TIME`) VALUES (31,3,'2020-09-12 00:07:27');
INSERT INTO `album_visit` (`ALBUM_ID`,`USER_ID`,`ALBUM_VISIT_TIME`) VALUES (31,3,'2020-09-12 00:09:01');
INSERT INTO `album_visit` (`ALBUM_ID`,`USER_ID`,`ALBUM_VISIT_TIME`) VALUES (31,3,'2020-09-12 00:10:28');
INSERT INTO `album_visit` (`ALBUM_ID`,`USER_ID`,`ALBUM_VISIT_TIME`) VALUES (31,3,'2020-09-12 00:10:37');
INSERT INTO `album_visit` (`ALBUM_ID`,`USER_ID`,`ALBUM_VISIT_TIME`) VALUES (31,3,'2020-09-12 00:10:46');
INSERT INTO `album_visit` (`ALBUM_ID`,`USER_ID`,`ALBUM_VISIT_TIME`) VALUES (31,3,'2020-09-12 00:18:13');
INSERT INTO `album_visit` (`ALBUM_ID`,`USER_ID`,`ALBUM_VISIT_TIME`) VALUES (31,3,'2020-09-12 00:25:47');
INSERT INTO `album_visit` (`ALBUM_ID`,`USER_ID`,`ALBUM_VISIT_TIME`) VALUES (31,3,'2020-09-12 01:16:01');
INSERT INTO `album_visit` (`ALBUM_ID`,`USER_ID`,`ALBUM_VISIT_TIME`) VALUES (31,3,'2020-09-12 01:18:11');
INSERT INTO `album_visit` (`ALBUM_ID`,`USER_ID`,`ALBUM_VISIT_TIME`) VALUES (31,3,'2020-09-12 01:21:30');
INSERT INTO `album_visit` (`ALBUM_ID`,`USER_ID`,`ALBUM_VISIT_TIME`) VALUES (31,3,'2020-09-12 01:21:42');
INSERT INTO `album_visit` (`ALBUM_ID`,`USER_ID`,`ALBUM_VISIT_TIME`) VALUES (31,3,'2020-09-12 01:24:52');
INSERT INTO `album_visit` (`ALBUM_ID`,`USER_ID`,`ALBUM_VISIT_TIME`) VALUES (31,3,'2020-09-12 01:26:17');
INSERT INTO `album_visit` (`ALBUM_ID`,`USER_ID`,`ALBUM_VISIT_TIME`) VALUES (31,3,'2020-09-12 01:28:07');
INSERT INTO `album_visit` (`ALBUM_ID`,`USER_ID`,`ALBUM_VISIT_TIME`) VALUES (31,3,'2020-09-12 01:28:17');
INSERT INTO `album_visit` (`ALBUM_ID`,`USER_ID`,`ALBUM_VISIT_TIME`) VALUES (31,3,'2020-09-12 20:46:32');
INSERT INTO `album_visit` (`ALBUM_ID`,`USER_ID`,`ALBUM_VISIT_TIME`) VALUES (31,3,'2020-09-12 20:47:13');
INSERT INTO `album_visit` (`ALBUM_ID`,`USER_ID`,`ALBUM_VISIT_TIME`) VALUES (31,3,'2020-09-12 20:47:29');
INSERT INTO `album_visit` (`ALBUM_ID`,`USER_ID`,`ALBUM_VISIT_TIME`) VALUES (31,3,'2020-09-12 21:08:25');
-- ----------------------------
-- Table structure for announcement
-- ----------------------------
    
CREATE TABLE `announcement` (
  `ANNOUNCEMENT_ID` int(11) NOT NULL AUTO_INCREMENT,
  `ANNOUNCEMENT_CONTENT` text,
  `ANNOUNCEMENT_UPLOAD_TIME` datetime DEFAULT NULL,
  `USER_ID` int(11) DEFAULT NULL,
  PRIMARY KEY (`ANNOUNCEMENT_ID`),
  KEY `USER_ID` (`USER_ID`),
  CONSTRAINT `announcement_ibfk_1` FOREIGN KEY (`USER_ID`) REFERENCES `user` (`USER_ID`) ON DELETE CASCADE
) ENGINE=InnoDB AUTO_INCREMENT=9 DEFAULT CHARSET=utf8; 
      
INSERT INTO `announcement` (`ANNOUNCEMENT_ID`,`ANNOUNCEMENT_CONTENT`,`ANNOUNCEMENT_UPLOAD_TIME`,`USER_ID`) VALUES (1,'ad','2020-09-19 15:07:24',5);
INSERT INTO `announcement` (`ANNOUNCEMENT_ID`,`ANNOUNCEMENT_CONTENT`,`ANNOUNCEMENT_UPLOAD_TIME`,`USER_ID`) VALUES (2,'user1\'s 公告03','2020-09-07 16:35:35',7);
INSERT INTO `announcement` (`ANNOUNCEMENT_ID`,`ANNOUNCEMENT_CONTENT`,`ANNOUNCEMENT_UPLOAD_TIME`,`USER_ID`) VALUES (3,'心如止水，想吃面包','2020-09-15 16:23:35',3);
INSERT INTO `announcement` (`ANNOUNCEMENT_ID`,`ANNOUNCEMENT_CONTENT`,`ANNOUNCEMENT_UPLOAD_TIME`,`USER_ID`) VALUES (4,'wakawaka','2020-09-16 21:31:47',4);
INSERT INTO `announcement` (`ANNOUNCEMENT_ID`,`ANNOUNCEMENT_CONTENT`,`ANNOUNCEMENT_UPLOAD_TIME`,`USER_ID`) VALUES (5,'asdfasdf','2020-09-16 21:32:23',8);
INSERT INTO `announcement` (`ANNOUNCEMENT_ID`,`ANNOUNCEMENT_CONTENT`,`ANNOUNCEMENT_UPLOAD_TIME`,`USER_ID`) VALUES (6,'zdfgsgz','2020-09-16 21:32:58',9);
INSERT INTO `announcement` (`ANNOUNCEMENT_ID`,`ANNOUNCEMENT_CONTENT`,`ANNOUNCEMENT_UPLOAD_TIME`,`USER_ID`) VALUES (7,'心如止水。','2020-09-19 16:14:31',41);
INSERT INTO `announcement` (`ANNOUNCEMENT_ID`,`ANNOUNCEMENT_UPLOAD_TIME`,`USER_ID`) VALUES (8,'2020-09-19 17:25:36',43);
-- ----------------------------
-- Table structure for article
-- ----------------------------
    
CREATE TABLE `article` (
  `ARTICLE_ID` int(11) NOT NULL AUTO_INCREMENT,
  `TITLE` varchar(40) DEFAULT NULL,
  `USER_ID` int(11) DEFAULT NULL,
  `ARTICLE_CONTENT` text,
  `ARTICLE_LIKES` int(11) DEFAULT NULL,
  `COLLECT_NUM` int(11) DEFAULT NULL,
  `READ_NUM` int(11) DEFAULT NULL,
  `ARTICLE_UPLOAD_TIME` datetime DEFAULT NULL,
  `ZONE_ID` int(11) DEFAULT NULL,
  PRIMARY KEY (`ARTICLE_ID`),
  KEY `USER_ID` (`USER_ID`),
  KEY `ZONE_ID` (`ZONE_ID`),
  CONSTRAINT `article_ibfk_1` FOREIGN KEY (`USER_ID`) REFERENCES `user` (`USER_ID`) ON DELETE CASCADE,
  CONSTRAINT `article_ibfk_2` FOREIGN KEY (`ZONE_ID`) REFERENCES `zone` (`ZONE_ID`) ON DELETE SET NULL
) ENGINE=InnoDB AUTO_INCREMENT=88 DEFAULT CHARSET=utf8; 
      
INSERT INTO `article` (`ARTICLE_ID`,`TITLE`,`USER_ID`,`ARTICLE_CONTENT`,`ARTICLE_LIKES`,`COLLECT_NUM`,`READ_NUM`,`ARTICLE_UPLOAD_TIME`,`ZONE_ID`) VALUES (4,'two',4,'new pants',6,3,292,'2020-09-02 00:24:02',11);
INSERT INTO `article` (`ARTICLE_ID`,`TITLE`,`USER_ID`,`ARTICLE_CONTENT`,`ARTICLE_LIKES`,`COLLECT_NUM`,`READ_NUM`,`ARTICLE_UPLOAD_TIME`,`ZONE_ID`) VALUES (5,'meinv',5,'你好呀美女',1,1,1,'2020-09-04 17:33:40',9);
INSERT INTO `article` (`ARTICLE_ID`,`TITLE`,`USER_ID`,`ARTICLE_CONTENT`,`ARTICLE_LIKES`,`COLLECT_NUM`,`READ_NUM`,`ARTICLE_UPLOAD_TIME`,`ZONE_ID`) VALUES (6,'myarticle',5,'关于开发',0,0,2,'2020-09-07 16:08:57',3);
INSERT INTO `article` (`ARTICLE_ID`,`TITLE`,`USER_ID`,`ARTICLE_CONTENT`,`ARTICLE_LIKES`,`COLLECT_NUM`,`READ_NUM`,`ARTICLE_UPLOAD_TIME`,`ZONE_ID`) VALUES (8,'article 01',7,'游戏文章啦',0,0,8,'2020-09-07 16:37:49',4);
INSERT INTO `article` (`ARTICLE_ID`,`TITLE`,`USER_ID`,`ARTICLE_CONTENT`,`ARTICLE_LIKES`,`COLLECT_NUM`,`READ_NUM`,`ARTICLE_UPLOAD_TIME`,`ZONE_ID`) VALUES (9,'article 02',7,'体育健身运动该怎么办呢？',1,0,0,'2020-09-07 16:38:01',6);
INSERT INTO `article` (`ARTICLE_ID`,`TITLE`,`USER_ID`,`ARTICLE_CONTENT`,`ARTICLE_LIKES`,`COLLECT_NUM`,`READ_NUM`,`ARTICLE_UPLOAD_TIME`,`ZONE_ID`) VALUES (10,'article 03',7,'电影频道怎么收看电影？',0,0,0,'2020-09-07 16:38:13',7);
INSERT INTO `article` (`ARTICLE_ID`,`TITLE`,`USER_ID`,`ARTICLE_CONTENT`,`ARTICLE_LIKES`,`COLLECT_NUM`,`READ_NUM`,`ARTICLE_UPLOAD_TIME`,`ZONE_ID`) VALUES (11,'article 04',7,'wow 快来获得最新八卦娱乐',0,0,0,'2020-09-07 17:14:44',8);
INSERT INTO `article` (`ARTICLE_ID`,`TITLE`,`USER_ID`,`ARTICLE_CONTENT`,`ARTICLE_LIKES`,`COLLECT_NUM`,`READ_NUM`,`ARTICLE_UPLOAD_TIME`,`ZONE_ID`) VALUES (14,'哈哈',3,'哈哈哈哈',0,0,0,'2020-09-10 15:12:02',1);
INSERT INTO `article` (`ARTICLE_ID`,`TITLE`,`USER_ID`,`ARTICLE_CONTENT`,`ARTICLE_LIKES`,`COLLECT_NUM`,`READ_NUM`,`ARTICLE_UPLOAD_TIME`,`ZONE_ID`) VALUES (18,'title',3,'123',2,0,75,'2020-09-11 01:45:46',1);
INSERT INTO `article` (`ARTICLE_ID`,`TITLE`,`USER_ID`,`ARTICLE_CONTENT`,`ARTICLE_LIKES`,`COLLECT_NUM`,`READ_NUM`,`ARTICLE_UPLOAD_TIME`,`ZONE_ID`) VALUES (20,'12',3,'32',1,0,32,'2020-09-11 16:24:57',1);
INSERT INTO `article` (`ARTICLE_ID`,`TITLE`,`USER_ID`,`ARTICLE_CONTENT`,`ARTICLE_LIKES`,`COLLECT_NUM`,`READ_NUM`,`ARTICLE_UPLOAD_TIME`,`ZONE_ID`) VALUES (21,'太强了',3,'哈哈哈',0,0,0,'2020-09-12 15:48:07',1);
INSERT INTO `article` (`ARTICLE_ID`,`TITLE`,`USER_ID`,`ARTICLE_CONTENT`,`ARTICLE_LIKES`,`COLLECT_NUM`,`READ_NUM`,`ARTICLE_UPLOAD_TIME`,`ZONE_ID`) VALUES (22,'太牛了',3,'nbnbnb',0,0,0,'2020-09-12 20:39:11',1);
INSERT INTO `article` (`ARTICLE_ID`,`TITLE`,`USER_ID`,`ARTICLE_CONTENT`,`ARTICLE_LIKES`,`COLLECT_NUM`,`READ_NUM`,`ARTICLE_UPLOAD_TIME`,`ZONE_ID`) VALUES (24,'哈哈哈哈',3,'nbnb',0,0,1,'2020-09-12 20:46:16',1);
INSERT INTO `article` (`ARTICLE_ID`,`TITLE`,`USER_ID`,`ARTICLE_CONTENT`,`ARTICLE_LIKES`,`COLLECT_NUM`,`READ_NUM`,`ARTICLE_UPLOAD_TIME`,`ZONE_ID`) VALUES (29,'意思相近的词语',3,'两个字bai是意思相近的词语有很多，du比如：指示、黑暗、明亮、咨询、说话、',0,0,0,'2020-09-12 22:58:05',1);
INSERT INTO `article` (`ARTICLE_ID`,`TITLE`,`USER_ID`,`ARTICLE_CONTENT`,`ARTICLE_LIKES`,`COLLECT_NUM`,`READ_NUM`,`ARTICLE_UPLOAD_TIME`,`ZONE_ID`) VALUES (30,'普通的反义词',3,'突出、别致、可贵、珍贵、特等、非凡、独特',0,0,0,'2020-09-12 22:59:36',1);
INSERT INTO `article` (`ARTICLE_ID`,`TITLE`,`USER_ID`,`ARTICLE_CONTENT`,`ARTICLE_LIKES`,`COLLECT_NUM`,`READ_NUM`,`ARTICLE_UPLOAD_TIME`,`ZONE_ID`) VALUES (31,'对这个世界不要有太多的抱怨',3,'跌倒了就继续向前走',0,0,0,'2020-09-12 23:00:31',1);
INSERT INTO `article` (`ARTICLE_ID`,`TITLE`,`USER_ID`,`ARTICLE_CONTENT`,`ARTICLE_LIKES`,`COLLECT_NUM`,`READ_NUM`,`ARTICLE_UPLOAD_TIME`,`ZONE_ID`) VALUES (33,'青花瓷',3,'素胚勾勒出青花',18,17,420,'2020-09-12 23:03:18',1);
INSERT INTO `article` (`ARTICLE_ID`,`TITLE`,`USER_ID`,`ARTICLE_CONTENT`,`ARTICLE_LIKES`,`COLLECT_NUM`,`READ_NUM`,`ARTICLE_UPLOAD_TIME`,`ZONE_ID`) VALUES (39,'东风破',3,'一盏离愁 孤单伫立在窗口我在门后 假装你人还没走旧地如重游 月圆更寂寞夜半清醒的烛火 不忍苛责我一壶漂泊 浪迹天涯难入喉你走之后 酒暖回忆思念瘦水向东流 时间怎么偷花开就一次成熟 我却错过谁在用琵琶弹奏 一曲东风破岁月在墙上剥落 ',0,0,0,'2020-09-14 10:25:52',1);
INSERT INTO `article` (`ARTICLE_ID`,`TITLE`,`USER_ID`,`ARTICLE_CONTENT`,`ARTICLE_LIKES`,`COLLECT_NUM`,`READ_NUM`,`ARTICLE_UPLOAD_TIME`,`ZONE_ID`) VALUES (40,'红尘客栈',3,'天涯的尽头是风沙　　红尘的故事叫牵挂　　封刀隐没在寻常人家 东篱下　　闲云野鹤古刹　　快马在江湖里厮杀　　无非是名跟利放不下　　心中有江山的人岂能快意潇洒',0,0,0,'2020-09-14 10:27:18',1);
INSERT INTO `article` (`ARTICLE_ID`,`TITLE`,`USER_ID`,`ARTICLE_CONTENT`,`ARTICLE_LIKES`,`COLLECT_NUM`,`READ_NUM`,`ARTICLE_UPLOAD_TIME`,`ZONE_ID`) VALUES (41,'听妈妈的话',3,'小朋友 你是否有很多问号为什么 别人在那看漫画我却在学画画 对着钢琴说话别人在玩游戏我却靠在墙壁背我的 ABC我说我要一台大大的飞机但却得到一台旧旧录音机',7,7,66,'2020-09-14 10:28:29',1);
INSERT INTO `article` (`ARTICLE_ID`,`TITLE`,`USER_ID`,`ARTICLE_CONTENT`,`ARTICLE_LIKES`,`COLLECT_NUM`,`READ_NUM`,`ARTICLE_UPLOAD_TIME`,`ZONE_ID`) VALUES (42,'majito',3,'麻烦给我的爱人来一杯Mojito我喜欢阅读她微醺时的眼眸而我的咖啡 糖不用太多这世界已经因为她甜得过头没有跟她笑容一样浓郁的雪茄就别浪费时间介绍收起来吧',1,0,3,'2020-09-14 16:02:02',1);
INSERT INTO `article` (`ARTICLE_ID`,`TITLE`,`USER_ID`,`ARTICLE_CONTENT`,`ARTICLE_LIKES`,`COLLECT_NUM`,`READ_NUM`,`ARTICLE_UPLOAD_TIME`,`ZONE_ID`) VALUES (43,'asdf',5,'asdf',2,2,10,'2020-09-14 20:39:46',2);
INSERT INTO `article` (`ARTICLE_ID`,`TITLE`,`USER_ID`,`ARTICLE_CONTENT`,`ARTICLE_LIKES`,`COLLECT_NUM`,`READ_NUM`,`ARTICLE_UPLOAD_TIME`,`ZONE_ID`) VALUES (44,'gffdf',5,'sdfg',3,3,4,'2020-09-09 20:40:37',2);
INSERT INTO `article` (`ARTICLE_ID`,`TITLE`,`USER_ID`,`ARTICLE_CONTENT`,`ARTICLE_LIKES`,`COLLECT_NUM`,`READ_NUM`,`ARTICLE_UPLOAD_TIME`,`ZONE_ID`) VALUES (45,'andhnwrgte ',5,'asdfbwrg t ',5,33337,155,'2020-09-08 20:47:32',2);
INSERT INTO `article` (`ARTICLE_ID`,`TITLE`,`USER_ID`,`ARTICLE_CONTENT`,`ARTICLE_LIKES`,`COLLECT_NUM`,`READ_NUM`,`ARTICLE_UPLOAD_TIME`,`ZONE_ID`) VALUES (46,'dbr sbgnag',5,'oabsdjvandflkjs ',1,2,21,'2020-09-02 20:48:04',2);
INSERT INTO `article` (`ARTICLE_ID`,`TITLE`,`USER_ID`,`ARTICLE_CONTENT`,`ARTICLE_LIKES`,`COLLECT_NUM`,`READ_NUM`,`ARTICLE_UPLOAD_TIME`,`ZONE_ID`) VALUES (47,'aaa',3,'123',0,0,0,'2020-09-14 21:55:20',3);
INSERT INTO `article` (`ARTICLE_ID`,`TITLE`,`USER_ID`,`ARTICLE_CONTENT`,`ARTICLE_LIKES`,`COLLECT_NUM`,`READ_NUM`,`ARTICLE_UPLOAD_TIME`,`ZONE_ID`) VALUES (49,'晴天',3,'刮风这天我试过握着你手，但偏偏雨渐渐大到我看你不见，还要多久我才能在你身边，等到放晴的那天也许我会比较好一点，从前从前有个人爱你很久，但偏偏风渐渐把距离吹得好远，好不容易又能再多爱一天，但故事的最后你好像还是说了拜拜',1,2,3,'2020-09-15 14:29:39',11);
INSERT INTO `article` (`ARTICLE_ID`,`TITLE`,`USER_ID`,`ARTICLE_CONTENT`,`ARTICLE_LIKES`,`COLLECT_NUM`,`READ_NUM`,`ARTICLE_UPLOAD_TIME`,`ZONE_ID`) VALUES (53,'以父之名',3,'微凉的bai晨露沾湿黑礼服du    石板路有雾父在低诉无奈的觉悟只能更残酷   一切都为了通往圣堂的路吹不散的雾隐没了意图   谁轻柔踱步停住还来不及哭穿过的子弹就带走温度我们每个人都有罪   犯着不同的罪我能决定谁对   谁又该要沉睡争论不能解决   在永无止境的夜关掉你的嘴   挡在前面的人都有罪',1,1,16,'2020-09-15 15:08:43',11);
INSERT INTO `article` (`ARTICLE_ID`,`TITLE`,`USER_ID`,`ARTICLE_CONTENT`,`ARTICLE_LIKES`,`COLLECT_NUM`,`READ_NUM`,`ARTICLE_UPLOAD_TIME`,`ZONE_ID`) VALUES (54,'longtext',3,'afadfddssafadfddssafadfddssafadfddssafadfddssafadfddssafadfddssafadfddssafadfddssafadfddssafadfddssafadfddssafadfddssafadfddssafadfddssafadfddssafadfddssafadfddssafadfddssafadfddssafadfddssafadfddssafadfddssafadfddssafadfddssafadfddssafadfddssafadfddssafadfddssafadfddssafadfddssafadfddssafadfddssafadfddssafadfddssafadfddssafadfddssafadfddssafadfddssafadfddssafadfddssafadfddssafadfddssafadfddssafadfddssafadfddssafadfddssafadfddssafadfddssafadfddssafadfddssafadfddssafadfddssafadfddssafadfddssafadfddssafadfddssafadfddssafadfddssafadfddssafadfddssafadfddssafadfddssafadfddssafadfddssafadfddssafadfddssafadfddssafadfddssafadfddssafadfddssafadfddssafadfddssafadfddssafadfddssafadfddssafadfddssafadfddssafadfddssafadfddssafadfddssafadfddssafadfddssafadfddssafadfddssafadfddssafadfddssafadfddssafadfddssafadfddssafadfddssafadfddssafadfddssafadfddssafadfddssafadfddssafadfddssafadfddssafadfddssafadfddssafadfddssafadfddssafadfddssafadfddssafadfddssafadfddssafadfddssafadfddssafadfddssafadfddssafadfddssafadfddssafadfddssafadfddssafadfddssafadfddssafadfddssafadfddssafadfddssafadfddssafadfddssafadfddssafadfddssafadfddssafadfddssafadfddssafadfddssafadfddssafadfddssafadfddssafadfddssafadfddssafadfddssafadfddssafadfddssafadfddssafadfddssafadfddssafadfddssafadfddssafadfddssafadfddssafadfddssafadfddss',0,3,11,'2020-09-15 16:03:59',1);
INSERT INTO `article` (`ARTICLE_ID`,`TITLE`,`USER_ID`,`ARTICLE_CONTENT`,`ARTICLE_LIKES`,`COLLECT_NUM`,`READ_NUM`,`ARTICLE_UPLOAD_TIME`,`ZONE_ID`) VALUES (55,'longtext1',4,'afadfddssafadfddssafadfddssafadfddssafadfddssafadfddssafadfddssafadfddssafadfddssafadfddssafadfddssafadfddssafadfddssafadfddssafadfddssafadfddssafadfddssafadfddssafadfddssafadfddssafadfddssafadfddssafadfddssafadfddssafadfddssafadfddssafadfddssafadfddssafadfddssafadfddssafadfddssafadfddssafadfddssafadfddssafadfddssafadfddssafadfddssafadfddssafadfddssafadfddssafadfddssafadfddssafadfddssafadfddssafadfddssafadfddssafadfddssafadfddssafadfddssafadfddssafadfddssafadfddssafadfddssafadfddssafadfddssafadfddssafadfddssafadfddssafadfddssafadfddssafadfddssafadfddssafadfddssafadfddssafadfddssafadfddssafadfddssafadfddssafadfddssafadfddssafadfddssafadfddssafadfddssafadfddssafadfddssafadfddssafadfddssafadfddssafadfddssafadfddssafadfddssafadfddssafadfddssafadfddssafadfddssafadfddssafadfddssafadfddssafadfddssafadfddssafadfddssafadfddssafadfddssafadfddssafadfddssafadfddssafadfddssafadfddssafadfddssafadfddssafadfddssafadfddssafadfddssafadfddssafadfddssafadfddssafadfddssafadfddssafadfddssafadfddssafadfddssafadfddssafadfddssafadfddssafadfddssafadfddssafadfddssafadfddssafadfddssafadfddssafadfddssafadfddssafadfddssafadfddssafadfddssafadfddssafadfddssafadfddssafadfddssafadfddssafadfddssafadfddssafadfddssafadfddssafadfddssafadfddssafadfddssafadfddssafadfddssafadfddssafadfddssafadfddssafadfddssafadfddss',0,0,7,'2020-09-15 16:04:27',1);
INSERT INTO `article` (`ARTICLE_ID`,`TITLE`,`USER_ID`,`ARTICLE_CONTENT`,`ARTICLE_LIKES`,`COLLECT_NUM`,`READ_NUM`,`ARTICLE_UPLOAD_TIME`,`ZONE_ID`) VALUES (57,'龙卷风',3,'爱像一阵风\n吹完它就走\n这样的节奏\n谁都无可奈何\n没有你以后\n我灵魂失控\n黑云在降落\n我被它拖着走\n静静悄悄默默离开\n陷入了危险边缘baby~\n我的世界已狂风暴雨\noh~爱情来的太快就像龙卷风\n离不开暴风圈来不及逃\n我不能再想我不能再想\n我不我不我不能~\n爱情走的太快就像龙卷风\n不能承受我已无处可躲\n我不要再想我不要再想\n我不我不我不要再想你\n不知不觉你已经离开我\n不知不觉我跟了这节奏\n后知后觉又过了一个秋\n后知后觉我该好好生活\n静静悄悄默默离开\n陷入了危险边缘baby~\n我的世界已狂风暴雨\noh~爱情来的太快就像龙卷风\n离不开暴风圈来不及逃\n我不能再想\n我不能再想\n我不我不我不能\n爱情走的太快就像龙卷风\n不能承受我已无处可躲\n我不要再想\n我不要再想\n我不我不我不要再想你\n爱情来的太快就像龙卷风\n离不开暴风圈来不及逃\n我不能再想\n我不能再想\n我不我不我不能\n爱情走的太快就像龙卷风\n不能承受我已无处可躲\n我不要再想\n我不要再想\n我不我不我不要再想你\n不知不觉你已经离开我\n不知不觉我跟了这节奏\n后知后觉又过了一个秋\n后知后觉我该好好生活\n不知不觉你已经离开我\n不知不觉我跟了这节奏\n后知后觉又过了一个秋\n后知后觉我该好好生活\n不知不觉你已经离开我\n不知不觉我跟了这节奏\n后知后觉后知后觉',1,6,26,'2020-09-15 16:20:43',11);
INSERT INTO `article` (`ARTICLE_ID`,`TITLE`,`USER_ID`,`ARTICLE_CONTENT`,`ARTICLE_LIKES`,`COLLECT_NUM`,`READ_NUM`,`ARTICLE_UPLOAD_TIME`,`ZONE_ID`) VALUES (61,'啊啊啊啊啊啊啊啊啊啊啊啊啊啊啊啊啊啊啊啊啊啊啊啊啊啊啊啊啊啊啊啊啊啊啊啊啊啊',3,'123',1,0,7,'2020-09-15 19:39:54',5);
INSERT INTO `article` (`ARTICLE_ID`,`TITLE`,`USER_ID`,`ARTICLE_CONTENT`,`ARTICLE_LIKES`,`COLLECT_NUM`,`READ_NUM`,`ARTICLE_UPLOAD_TIME`,`ZONE_ID`) VALUES (64,'七里香',3,'窗外的麻雀，在电线杆上多嘴\n\n你说这一句，很有夏天的感觉\n\n手中的铅笔，在纸上来来回回\n\n我用几行字形容你，是我的谁\n\n秋刀鱼的滋味，猫跟你都想了解\n\n初恋的香味，就这样被我们寻回\n\n那温暖的阳光像刚摘的鲜艳草莓\n\n你说你舍不得吃掉这一种感觉\n\n雨下整夜，我的爱溢出就像雨水\n\n院子落叶，跟我的思念厚厚一叠\n几句是非，也无法将我的热情冷却\n\n你出现在我诗的每一页\n\n雨下整夜，我的爱溢出就像雨水\n\n窗台蝴蝶，像诗里纷飞的美丽章节\n\n我接着写，把永远爱你写进诗的结尾\n\n你是我唯一想要的了解\n\n雨下整夜，我的爱溢出就象雨水\n\n院子落叶，跟我的思念厚厚一叠\n\n几句是非，也无法将我的热情冷却\n\n你出现在我诗的每一页那饱满的稻穗，幸福了这个季节\n\n而你的脸颊像田里熟透的蕃茄\n\n你突然对我说七里香的名字很美\n\n我此刻却只想亲吻你倔强的嘴\n\n雨下整夜，我的爱溢出就像雨水\n\n院子落叶，跟我的思念厚厚一叠\n\n几句是非，也无法将我的热情冷却\n\n你出现在我诗的每一页\n\n雨下整夜，我的爱溢出就像雨水\n\n窗台蝴蝶，像诗里纷飞的美丽章节\n\n我接着写，把永远爱你写进诗的结尾\n\n你是我唯一想要的了解',1,0,11,'2020-09-16 23:12:36',11);
INSERT INTO `article` (`ARTICLE_ID`,`TITLE`,`USER_ID`,`ARTICLE_CONTENT`,`ARTICLE_LIKES`,`COLLECT_NUM`,`READ_NUM`,`ARTICLE_UPLOAD_TIME`,`ZONE_ID`) VALUES (76,'5555555',3,'111',1,0,5,'2020-09-16 23:30:29',3);
INSERT INTO `article` (`ARTICLE_ID`,`TITLE`,`USER_ID`,`ARTICLE_CONTENT`,`ARTICLE_LIKES`,`COLLECT_NUM`,`READ_NUM`,`ARTICLE_UPLOAD_TIME`,`ZONE_ID`) VALUES (77,'7777',3,'333',1,0,7,'2020-09-16 23:32:27',4);
INSERT INTO `article` (`ARTICLE_ID`,`TITLE`,`USER_ID`,`ARTICLE_CONTENT`,`ARTICLE_LIKES`,`COLLECT_NUM`,`READ_NUM`,`ARTICLE_UPLOAD_TIME`,`ZONE_ID`) VALUES (78,'asdf',3,'asd',0,0,0,'2020-09-18 10:32:40',2);
INSERT INTO `article` (`ARTICLE_ID`,`TITLE`,`USER_ID`,`ARTICLE_CONTENT`,`ARTICLE_LIKES`,`COLLECT_NUM`,`READ_NUM`,`ARTICLE_UPLOAD_TIME`,`ZONE_ID`) VALUES (79,'asdfasdf',5,'asdfasdfasdf',0,0,7,'2020-09-18 10:38:03',1);
INSERT INTO `article` (`ARTICLE_ID`,`TITLE`,`USER_ID`,`ARTICLE_CONTENT`,`ARTICLE_LIKES`,`COLLECT_NUM`,`READ_NUM`,`ARTICLE_UPLOAD_TIME`,`ZONE_ID`) VALUES (80,'asdfrrrr',5,'lymsb!',0,0,7,'2020-09-18 10:56:11',2);
INSERT INTO `article` (`ARTICLE_ID`,`TITLE`,`USER_ID`,`ARTICLE_CONTENT`,`ARTICLE_LIKES`,`COLLECT_NUM`,`READ_NUM`,`ARTICLE_UPLOAD_TIME`,`ZONE_ID`) VALUES (81,'asdfsdaasdfasdfsadfsadfs',5,'asdfsadfsadfasdfasdf',0,0,0,'2020-09-18 20:08:32',3);
INSERT INTO `article` (`ARTICLE_ID`,`TITLE`,`USER_ID`,`ARTICLE_CONTENT`,`ARTICLE_LIKES`,`COLLECT_NUM`,`READ_NUM`,`ARTICLE_UPLOAD_TIME`,`ZONE_ID`) VALUES (82,'fff',5,'ffff',1,2,3,'2020-09-18 20:12:43',4);
INSERT INTO `article` (`ARTICLE_ID`,`TITLE`,`USER_ID`,`ARTICLE_CONTENT`,`ARTICLE_LIKES`,`COLLECT_NUM`,`READ_NUM`,`ARTICLE_UPLOAD_TIME`,`ZONE_ID`) VALUES (83,'asdfaaaa',5,'asdfasdf',0,0,0,'2020-09-18 23:37:53',3);
INSERT INTO `article` (`ARTICLE_ID`,`TITLE`,`USER_ID`,`ARTICLE_CONTENT`,`ARTICLE_LIKES`,`COLLECT_NUM`,`READ_NUM`,`ARTICLE_UPLOAD_TIME`,`ZONE_ID`) VALUES (84,'asqewrtqwer',5,'asdfasdfasdf',0,0,0,'2020-09-18 23:50:22',2);
INSERT INTO `article` (`ARTICLE_ID`,`TITLE`,`USER_ID`,`ARTICLE_CONTENT`,`ARTICLE_LIKES`,`COLLECT_NUM`,`READ_NUM`,`ARTICLE_UPLOAD_TIME`,`ZONE_ID`) VALUES (85,'asdfasdffasdfasdf',5,'http://localhost:8080/#/MyArticle?MyArticleid=5&MyArticlename=cindy&MyArticleuserid=5&MyArticleusername=cindy',0,0,1,'2020-09-19 00:06:19',5);
INSERT INTO `article` (`ARTICLE_ID`,`TITLE`,`USER_ID`,`ARTICLE_CONTENT`,`ARTICLE_LIKES`,`COLLECT_NUM`,`READ_NUM`,`ARTICLE_UPLOAD_TIME`,`ZONE_ID`) VALUES (86,'asdfffdsa',5,'asdf',0,0,0,'2020-09-19 11:20:42',4);
INSERT INTO `article` (`ARTICLE_ID`,`TITLE`,`USER_ID`,`ARTICLE_CONTENT`,`ARTICLE_LIKES`,`COLLECT_NUM`,`READ_NUM`,`ARTICLE_UPLOAD_TIME`,`ZONE_ID`) VALUES (87,'数据库项目感想',41,'通过这次做项目，使我对数据库原理与应用这门课有了进一步的认识。  \r\n在这次项目中我负责了页面设计和文档制作。首先是项目正式开始前，我和队友们运用了上学期学习的uml图制作了用例图，对项目有了最初始的规划；在项目正式开始后，我使用figma和小队的成员协同工作，做出了Temperature博客网站的页面设计稿；在设计过程中，我们参考了csdn、博客园等网站的功能和页面布局，并结合我们项目所具有的功能进行布局规划，同时在提交初稿后一直根据前后端同学的要求进行更改。在项目大体完成后，我又负责了绘制类图、活动图和时序图以及整合文档。\r\n做项目的时候，我认识到不仅要高质高效地将自己的任务做完，而且还要注重团队合作，和队友保持及时地沟通，统一标准，否则很可能会出现各做各的，最后发现不兼容的情况，会给后面的工作带来一系列的问题。\r\n我还要感谢我们的组长邓欣凌，她一直和我们小组保持着紧密的沟通，对我们的工作提出要求和帮助；在我们灰心的时候也一直鼓励着我们。在这次项目中我不仅增长了专业知识，也对团队合作有了更深的理解。\r\n',1,2,3,'2020-09-19 16:41:36',1);
-- ----------------------------
-- Table structure for article_comment_reply
-- ----------------------------
    
CREATE TABLE `article_comment_reply` (
  `ARTICLE_CR_ID` int(11) NOT NULL AUTO_INCREMENT,
  `ARTICLE_CR_CONTENT` text,
  `ARTICLE_ID` int(11) DEFAULT NULL,
  `USER_ID` int(11) DEFAULT NULL,
  `ARTICLE_CR_TIME` datetime DEFAULT NULL,
  `PARENT_CR_ID` int(11) DEFAULT NULL,
  PRIMARY KEY (`ARTICLE_CR_ID`),
  KEY `ARTICLE_ID` (`ARTICLE_ID`),
  KEY `USER_ID` (`USER_ID`),
  KEY `PARENT_CR_ID` (`PARENT_CR_ID`),
  CONSTRAINT `article_comment_reply_ibfk_1` FOREIGN KEY (`ARTICLE_ID`) REFERENCES `article` (`ARTICLE_ID`) ON DELETE CASCADE,
  CONSTRAINT `article_comment_reply_ibfk_2` FOREIGN KEY (`USER_ID`) REFERENCES `user` (`USER_ID`) ON DELETE CASCADE,
  CONSTRAINT `article_comment_reply_ibfk_3` FOREIGN KEY (`PARENT_CR_ID`) REFERENCES `article_comment_reply` (`ARTICLE_CR_ID`) ON DELETE CASCADE
) ENGINE=InnoDB AUTO_INCREMENT=145 DEFAULT CHARSET=utf8; 
      
INSERT INTO `article_comment_reply` (`ARTICLE_CR_ID`,`ARTICLE_CR_CONTENT`,`ARTICLE_ID`,`USER_ID`,`ARTICLE_CR_TIME`) VALUES (5,'very good',4,3,'2020-09-02 00:33:07');
INSERT INTO `article_comment_reply` (`ARTICLE_CR_ID`,`ARTICLE_CR_CONTENT`,`ARTICLE_ID`,`USER_ID`,`ARTICLE_CR_TIME`) VALUES (8,'222',5,5,'2020-09-07 15:49:25');
INSERT INTO `article_comment_reply` (`ARTICLE_CR_ID`,`ARTICLE_CR_CONTENT`,`ARTICLE_ID`,`USER_ID`,`ARTICLE_CR_TIME`) VALUES (9,'very good article',8,5,'2020-09-07 16:40:03');
INSERT INTO `article_comment_reply` (`ARTICLE_CR_ID`,`ARTICLE_CR_CONTENT`,`ARTICLE_ID`,`USER_ID`,`ARTICLE_CR_TIME`) VALUES (45,'2',4,3,'2020-09-10 23:32:27');
INSERT INTO `article_comment_reply` (`ARTICLE_CR_ID`,`ARTICLE_CR_CONTENT`,`ARTICLE_ID`,`USER_ID`,`ARTICLE_CR_TIME`) VALUES (47,'11',4,3,'2020-09-11 13:51:45');
INSERT INTO `article_comment_reply` (`ARTICLE_CR_ID`,`ARTICLE_CR_CONTENT`,`ARTICLE_ID`,`USER_ID`,`ARTICLE_CR_TIME`) VALUES (48,'11',4,3,'2020-09-11 13:52:04');
INSERT INTO `article_comment_reply` (`ARTICLE_CR_ID`,`ARTICLE_CR_CONTENT`,`ARTICLE_ID`,`USER_ID`,`ARTICLE_CR_TIME`) VALUES (49,'11',4,3,'2020-09-11 13:52:05');
INSERT INTO `article_comment_reply` (`ARTICLE_CR_ID`,`ARTICLE_ID`,`USER_ID`,`ARTICLE_CR_TIME`) VALUES (50,4,3,'2020-09-11 14:23:38');
INSERT INTO `article_comment_reply` (`ARTICLE_CR_ID`,`ARTICLE_CR_CONTENT`,`ARTICLE_ID`,`USER_ID`,`ARTICLE_CR_TIME`) VALUES (51,'1',4,3,'2020-09-11 15:04:40');
INSERT INTO `article_comment_reply` (`ARTICLE_CR_ID`,`ARTICLE_CR_CONTENT`,`ARTICLE_ID`,`USER_ID`,`ARTICLE_CR_TIME`) VALUES (52,'1',4,3,'2020-09-11 15:05:08');
INSERT INTO `article_comment_reply` (`ARTICLE_CR_ID`,`ARTICLE_CR_CONTENT`,`ARTICLE_ID`,`USER_ID`,`ARTICLE_CR_TIME`) VALUES (53,'1',4,3,'2020-09-11 15:05:16');
INSERT INTO `article_comment_reply` (`ARTICLE_CR_ID`,`ARTICLE_CR_CONTENT`,`ARTICLE_ID`,`USER_ID`,`ARTICLE_CR_TIME`) VALUES (54,'1',4,3,'2020-09-11 15:06:37');
INSERT INTO `article_comment_reply` (`ARTICLE_CR_ID`,`ARTICLE_CR_CONTENT`,`ARTICLE_ID`,`USER_ID`,`ARTICLE_CR_TIME`) VALUES (55,'2',4,3,'2020-09-11 15:07:36');
INSERT INTO `article_comment_reply` (`ARTICLE_CR_ID`,`ARTICLE_CR_CONTENT`,`ARTICLE_ID`,`USER_ID`,`ARTICLE_CR_TIME`) VALUES (56,'3',4,3,'2020-09-11 15:08:15');
INSERT INTO `article_comment_reply` (`ARTICLE_CR_ID`,`ARTICLE_CR_CONTENT`,`ARTICLE_ID`,`USER_ID`,`ARTICLE_CR_TIME`) VALUES (57,'44',4,3,'2020-09-11 15:09:18');
INSERT INTO `article_comment_reply` (`ARTICLE_CR_ID`,`ARTICLE_CR_CONTENT`,`ARTICLE_ID`,`USER_ID`,`ARTICLE_CR_TIME`) VALUES (58,'3',4,3,'2020-09-11 15:11:15');
INSERT INTO `article_comment_reply` (`ARTICLE_CR_ID`,`ARTICLE_CR_CONTENT`,`ARTICLE_ID`,`USER_ID`,`ARTICLE_CR_TIME`) VALUES (59,'11',4,3,'2020-09-11 16:18:52');
INSERT INTO `article_comment_reply` (`ARTICLE_CR_ID`,`ARTICLE_CR_CONTENT`,`ARTICLE_ID`,`USER_ID`,`ARTICLE_CR_TIME`) VALUES (60,'11',4,3,'2020-09-11 16:19:10');
INSERT INTO `article_comment_reply` (`ARTICLE_CR_ID`,`ARTICLE_CR_CONTENT`,`ARTICLE_ID`,`USER_ID`,`ARTICLE_CR_TIME`) VALUES (61,'www',4,3,'2020-09-12 01:22:00');
INSERT INTO `article_comment_reply` (`ARTICLE_CR_ID`,`ARTICLE_CR_CONTENT`,`ARTICLE_ID`,`USER_ID`,`ARTICLE_CR_TIME`) VALUES (62,'哈哈哈哈',4,3,'2020-09-12 14:43:01');
INSERT INTO `article_comment_reply` (`ARTICLE_CR_ID`,`ARTICLE_CR_CONTENT`,`ARTICLE_ID`,`USER_ID`,`ARTICLE_CR_TIME`) VALUES (63,'太强了',4,3,'2020-09-12 14:47:17');
INSERT INTO `article_comment_reply` (`ARTICLE_CR_ID`,`ARTICLE_CR_CONTENT`,`ARTICLE_ID`,`USER_ID`,`ARTICLE_CR_TIME`) VALUES (64,'太强了',4,3,'2020-09-12 15:19:29');
INSERT INTO `article_comment_reply` (`ARTICLE_CR_ID`,`ARTICLE_ID`,`USER_ID`,`ARTICLE_CR_TIME`) VALUES (65,4,3,'2020-09-12 15:34:07');
INSERT INTO `article_comment_reply` (`ARTICLE_CR_ID`,`ARTICLE_ID`,`USER_ID`,`ARTICLE_CR_TIME`) VALUES (66,4,3,'2020-09-12 15:34:07');
INSERT INTO `article_comment_reply` (`ARTICLE_CR_ID`,`ARTICLE_CR_CONTENT`,`ARTICLE_ID`,`USER_ID`,`ARTICLE_CR_TIME`) VALUES (67,'6666',4,3,'2020-09-12 15:36:08');
INSERT INTO `article_comment_reply` (`ARTICLE_CR_ID`,`ARTICLE_CR_CONTENT`,`ARTICLE_ID`,`USER_ID`,`ARTICLE_CR_TIME`) VALUES (68,'555',4,3,'2020-09-12 15:36:13');
INSERT INTO `article_comment_reply` (`ARTICLE_CR_ID`,`ARTICLE_CR_CONTENT`,`ARTICLE_ID`,`USER_ID`,`ARTICLE_CR_TIME`) VALUES (69,'牛啊',4,3,'2020-09-12 15:37:02');
INSERT INTO `article_comment_reply` (`ARTICLE_CR_ID`,`ARTICLE_CR_CONTENT`,`ARTICLE_ID`,`USER_ID`,`ARTICLE_CR_TIME`) VALUES (70,'牛啊',4,3,'2020-09-12 15:37:26');
INSERT INTO `article_comment_reply` (`ARTICLE_CR_ID`,`ARTICLE_ID`,`USER_ID`,`ARTICLE_CR_TIME`) VALUES (71,4,3,'2020-09-12 15:38:18');
INSERT INTO `article_comment_reply` (`ARTICLE_CR_ID`,`ARTICLE_CR_CONTENT`,`ARTICLE_ID`,`USER_ID`,`ARTICLE_CR_TIME`) VALUES (72,'123',4,3,'2020-09-12 15:38:27');
INSERT INTO `article_comment_reply` (`ARTICLE_CR_ID`,`ARTICLE_CR_CONTENT`,`ARTICLE_ID`,`USER_ID`,`ARTICLE_CR_TIME`) VALUES (74,'啊哈',4,3,'2020-09-12 23:46:37');
INSERT INTO `article_comment_reply` (`ARTICLE_CR_ID`,`ARTICLE_CR_CONTENT`,`ARTICLE_ID`,`USER_ID`,`ARTICLE_CR_TIME`) VALUES (91,'可以可以',41,3,'2020-09-14 10:36:06');
INSERT INTO `article_comment_reply` (`ARTICLE_CR_ID`,`ARTICLE_CR_CONTENT`,`ARTICLE_ID`,`USER_ID`,`ARTICLE_CR_TIME`) VALUES (92,'太强了',41,3,'2020-09-14 10:36:13');
INSERT INTO `article_comment_reply` (`ARTICLE_CR_ID`,`ARTICLE_CR_CONTENT`,`ARTICLE_ID`,`USER_ID`,`ARTICLE_CR_TIME`,`PARENT_CR_ID`) VALUES (93,'你在说啥呢',41,3,'2020-09-14 10:38:03',92);
INSERT INTO `article_comment_reply` (`ARTICLE_CR_ID`,`ARTICLE_CR_CONTENT`,`ARTICLE_ID`,`USER_ID`,`ARTICLE_CR_TIME`) VALUES (94,'太憨了铁子们',41,3,'2020-09-14 10:50:47');
INSERT INTO `article_comment_reply` (`ARTICLE_CR_ID`,`ARTICLE_CR_CONTENT`,`ARTICLE_ID`,`USER_ID`,`ARTICLE_CR_TIME`) VALUES (96,'66666',41,3,'2020-09-14 13:01:03');
INSERT INTO `article_comment_reply` (`ARTICLE_CR_ID`,`ARTICLE_CR_CONTENT`,`ARTICLE_ID`,`USER_ID`,`ARTICLE_CR_TIME`) VALUES (128,'爱像一阵风',57,3,'2020-09-15 19:31:03');
INSERT INTO `article_comment_reply` (`ARTICLE_CR_ID`,`ARTICLE_CR_CONTENT`,`ARTICLE_ID`,`USER_ID`,`ARTICLE_CR_TIME`) VALUES (132,'这也太秀了',33,3,'2020-09-16 19:11:08');
INSERT INTO `article_comment_reply` (`ARTICLE_CR_ID`,`ARTICLE_CR_CONTENT`,`ARTICLE_ID`,`USER_ID`,`ARTICLE_CR_TIME`) VALUES (133,'123',33,3,'2020-09-16 19:11:11');
INSERT INTO `article_comment_reply` (`ARTICLE_CR_ID`,`ARTICLE_CR_CONTENT`,`ARTICLE_ID`,`USER_ID`,`ARTICLE_CR_TIME`) VALUES (134,'太强啦',33,3,'2020-09-16 19:11:20');
INSERT INTO `article_comment_reply` (`ARTICLE_CR_ID`,`ARTICLE_CR_CONTENT`,`ARTICLE_ID`,`USER_ID`,`ARTICLE_CR_TIME`) VALUES (138,'xx',33,3,'2020-09-16 23:52:19');
INSERT INTO `article_comment_reply` (`ARTICLE_CR_ID`,`ARTICLE_CR_CONTENT`,`ARTICLE_ID`,`USER_ID`,`ARTICLE_CR_TIME`) VALUES (140,'kjds;a',43,5,'2020-09-18 10:23:12');
INSERT INTO `article_comment_reply` (`ARTICLE_CR_ID`,`ARTICLE_CR_CONTENT`,`ARTICLE_ID`,`USER_ID`,`ARTICLE_CR_TIME`) VALUES (143,'好',82,5,'2020-09-19 17:10:03');
INSERT INTO `article_comment_reply` (`ARTICLE_CR_ID`,`ARTICLE_CR_CONTENT`,`ARTICLE_ID`,`USER_ID`,`ARTICLE_CR_TIME`) VALUES (144,'好听',4,41,'2020-09-19 17:16:35');
-- ----------------------------
-- Table structure for article_rank
-- ----------------------------
    
CREATE TABLE `article_rank` (
  `ARTICLE_RANK_DATE` date DEFAULT NULL,
  `ARTICLE_RANK_TIME` time DEFAULT NULL,
  `ARTICLE_RANK_TYPE` varchar(1) DEFAULT NULL,
  `ARTICLE_RANK` varchar(3) NOT NULL,
  `ARTICLE_ID` int(11) NOT NULL,
  PRIMARY KEY (`ARTICLE_RANK`,`ARTICLE_ID`),
  KEY `ARTICLE_ID` (`ARTICLE_ID`),
  CONSTRAINT `article_rank_ibfk_1` FOREIGN KEY (`ARTICLE_ID`) REFERENCES `article` (`ARTICLE_ID`)
) ENGINE=InnoDB DEFAULT CHARSET=utf8; 
      
INSERT INTO `article_rank` (`ARTICLE_RANK_DATE`,`ARTICLE_RANK_TIME`,`ARTICLE_RANK`,`ARTICLE_ID`) VALUES ('2020-09-15','00:00:00','3',18);
INSERT INTO `article_rank` (`ARTICLE_RANK_DATE`,`ARTICLE_RANK_TIME`,`ARTICLE_RANK`,`ARTICLE_ID`) VALUES ('2020-09-15','00:00:00','3',33);
INSERT INTO `article_rank` (`ARTICLE_RANK_DATE`,`ARTICLE_RANK_TIME`,`ARTICLE_RANK`,`ARTICLE_ID`) VALUES ('2020-09-16','00:00:00','3',41);
INSERT INTO `article_rank` (`ARTICLE_RANK_DATE`,`ARTICLE_RANK_TIME`,`ARTICLE_RANK`,`ARTICLE_ID`) VALUES ('2020-09-19','00:00:00','3',42);
INSERT INTO `article_rank` (`ARTICLE_RANK_DATE`,`ARTICLE_RANK_TIME`,`ARTICLE_RANK`,`ARTICLE_ID`) VALUES ('2020-09-15','00:00:00','3',49);
INSERT INTO `article_rank` (`ARTICLE_RANK_DATE`,`ARTICLE_RANK_TIME`,`ARTICLE_RANK`,`ARTICLE_ID`) VALUES ('2020-09-16','00:00:00','3',53);
INSERT INTO `article_rank` (`ARTICLE_RANK_DATE`,`ARTICLE_RANK_TIME`,`ARTICLE_RANK`,`ARTICLE_ID`) VALUES ('2020-09-15','00:00:00','3',57);
INSERT INTO `article_rank` (`ARTICLE_RANK_DATE`,`ARTICLE_RANK_TIME`,`ARTICLE_RANK`,`ARTICLE_ID`) VALUES ('2020-09-16','00:00:00','3',61);
INSERT INTO `article_rank` (`ARTICLE_RANK_DATE`,`ARTICLE_RANK_TIME`,`ARTICLE_RANK`,`ARTICLE_ID`) VALUES ('2020-09-16','00:00:00','3',64);
INSERT INTO `article_rank` (`ARTICLE_RANK_DATE`,`ARTICLE_RANK_TIME`,`ARTICLE_RANK`,`ARTICLE_ID`) VALUES ('2020-09-16','00:00:00','3',76);
INSERT INTO `article_rank` (`ARTICLE_RANK_DATE`,`ARTICLE_RANK_TIME`,`ARTICLE_RANK`,`ARTICLE_ID`) VALUES ('2020-09-16','00:00:00','3',77);
INSERT INTO `article_rank` (`ARTICLE_RANK_DATE`,`ARTICLE_RANK_TIME`,`ARTICLE_RANK`,`ARTICLE_ID`) VALUES ('2020-09-19','00:00:00','4',4);
INSERT INTO `article_rank` (`ARTICLE_RANK_DATE`,`ARTICLE_RANK_TIME`,`ARTICLE_RANK`,`ARTICLE_ID`) VALUES ('2020-09-14','00:00:00','5',4);
INSERT INTO `article_rank` (`ARTICLE_RANK_DATE`,`ARTICLE_RANK_TIME`,`ARTICLE_RANK`,`ARTICLE_ID`) VALUES ('2020-09-14','00:00:00','5',5);
INSERT INTO `article_rank` (`ARTICLE_RANK_DATE`,`ARTICLE_RANK_TIME`,`ARTICLE_RANK`,`ARTICLE_ID`) VALUES ('2020-09-16','00:00:00','5',45);
INSERT INTO `article_rank` (`ARTICLE_RANK_DATE`,`ARTICLE_RANK_TIME`,`ARTICLE_RANK`,`ARTICLE_ID`) VALUES ('2020-09-19','00:00:00','5',82);
-- ----------------------------
-- Table structure for article_visit
-- ----------------------------
    
CREATE TABLE `article_visit` (
  `USER_ID` int(11) NOT NULL,
  `ARTICLE_ID` int(11) NOT NULL,
  `ARTICLE_VISIT_TIME` datetime NOT NULL,
  PRIMARY KEY (`USER_ID`,`ARTICLE_ID`,`ARTICLE_VISIT_TIME`),
  KEY `article_visit_ibfk_2` (`ARTICLE_ID`),
  CONSTRAINT `article_visit_ibfk_1` FOREIGN KEY (`USER_ID`) REFERENCES `user` (`USER_ID`) ON DELETE CASCADE,
  CONSTRAINT `article_visit_ibfk_2` FOREIGN KEY (`ARTICLE_ID`) REFERENCES `article` (`ARTICLE_ID`) ON DELETE CASCADE
) ENGINE=InnoDB DEFAULT CHARSET=utf8; 
      
INSERT INTO `article_visit` (`USER_ID`,`ARTICLE_ID`,`ARTICLE_VISIT_TIME`) VALUES (3,4,'2020-09-10 22:57:41');
INSERT INTO `article_visit` (`USER_ID`,`ARTICLE_ID`,`ARTICLE_VISIT_TIME`) VALUES (3,4,'2020-09-11 12:56:36');
INSERT INTO `article_visit` (`USER_ID`,`ARTICLE_ID`,`ARTICLE_VISIT_TIME`) VALUES (3,4,'2020-09-11 12:58:29');
INSERT INTO `article_visit` (`USER_ID`,`ARTICLE_ID`,`ARTICLE_VISIT_TIME`) VALUES (3,4,'2020-09-11 12:58:54');
INSERT INTO `article_visit` (`USER_ID`,`ARTICLE_ID`,`ARTICLE_VISIT_TIME`) VALUES (3,4,'2020-09-11 12:59:03');
INSERT INTO `article_visit` (`USER_ID`,`ARTICLE_ID`,`ARTICLE_VISIT_TIME`) VALUES (3,4,'2020-09-11 12:59:09');
INSERT INTO `article_visit` (`USER_ID`,`ARTICLE_ID`,`ARTICLE_VISIT_TIME`) VALUES (3,4,'2020-09-11 12:59:35');
INSERT INTO `article_visit` (`USER_ID`,`ARTICLE_ID`,`ARTICLE_VISIT_TIME`) VALUES (3,4,'2020-09-11 12:59:36');
INSERT INTO `article_visit` (`USER_ID`,`ARTICLE_ID`,`ARTICLE_VISIT_TIME`) VALUES (3,4,'2020-09-11 13:00:43');
INSERT INTO `article_visit` (`USER_ID`,`ARTICLE_ID`,`ARTICLE_VISIT_TIME`) VALUES (3,4,'2020-09-11 13:02:00');
INSERT INTO `article_visit` (`USER_ID`,`ARTICLE_ID`,`ARTICLE_VISIT_TIME`) VALUES (3,4,'2020-09-11 13:02:02');
INSERT INTO `article_visit` (`USER_ID`,`ARTICLE_ID`,`ARTICLE_VISIT_TIME`) VALUES (3,4,'2020-09-11 13:02:39');
INSERT INTO `article_visit` (`USER_ID`,`ARTICLE_ID`,`ARTICLE_VISIT_TIME`) VALUES (3,4,'2020-09-11 13:03:10');
INSERT INTO `article_visit` (`USER_ID`,`ARTICLE_ID`,`ARTICLE_VISIT_TIME`) VALUES (3,4,'2020-09-11 13:03:25');
INSERT INTO `article_visit` (`USER_ID`,`ARTICLE_ID`,`ARTICLE_VISIT_TIME`) VALUES (3,4,'2020-09-11 13:04:36');
INSERT INTO `article_visit` (`USER_ID`,`ARTICLE_ID`,`ARTICLE_VISIT_TIME`) VALUES (3,4,'2020-09-11 13:05:09');
INSERT INTO `article_visit` (`USER_ID`,`ARTICLE_ID`,`ARTICLE_VISIT_TIME`) VALUES (3,4,'2020-09-11 13:05:10');
INSERT INTO `article_visit` (`USER_ID`,`ARTICLE_ID`,`ARTICLE_VISIT_TIME`) VALUES (3,4,'2020-09-11 13:06:13');
INSERT INTO `article_visit` (`USER_ID`,`ARTICLE_ID`,`ARTICLE_VISIT_TIME`) VALUES (3,4,'2020-09-11 13:06:45');
INSERT INTO `article_visit` (`USER_ID`,`ARTICLE_ID`,`ARTICLE_VISIT_TIME`) VALUES (3,4,'2020-09-11 13:06:54');
INSERT INTO `article_visit` (`USER_ID`,`ARTICLE_ID`,`ARTICLE_VISIT_TIME`) VALUES (3,4,'2020-09-11 13:31:34');
INSERT INTO `article_visit` (`USER_ID`,`ARTICLE_ID`,`ARTICLE_VISIT_TIME`) VALUES (3,4,'2020-09-11 13:32:11');
INSERT INTO `article_visit` (`USER_ID`,`ARTICLE_ID`,`ARTICLE_VISIT_TIME`) VALUES (3,4,'2020-09-11 13:32:21');
INSERT INTO `article_visit` (`USER_ID`,`ARTICLE_ID`,`ARTICLE_VISIT_TIME`) VALUES (3,4,'2020-09-11 13:33:13');
INSERT INTO `article_visit` (`USER_ID`,`ARTICLE_ID`,`ARTICLE_VISIT_TIME`) VALUES (3,4,'2020-09-11 13:33:37');
INSERT INTO `article_visit` (`USER_ID`,`ARTICLE_ID`,`ARTICLE_VISIT_TIME`) VALUES (3,4,'2020-09-11 13:34:20');
INSERT INTO `article_visit` (`USER_ID`,`ARTICLE_ID`,`ARTICLE_VISIT_TIME`) VALUES (3,4,'2020-09-11 13:35:55');
INSERT INTO `article_visit` (`USER_ID`,`ARTICLE_ID`,`ARTICLE_VISIT_TIME`) VALUES (3,4,'2020-09-11 13:36:55');
INSERT INTO `article_visit` (`USER_ID`,`ARTICLE_ID`,`ARTICLE_VISIT_TIME`) VALUES (3,4,'2020-09-11 13:36:57');
INSERT INTO `article_visit` (`USER_ID`,`ARTICLE_ID`,`ARTICLE_VISIT_TIME`) VALUES (3,4,'2020-09-11 13:44:23');
INSERT INTO `article_visit` (`USER_ID`,`ARTICLE_ID`,`ARTICLE_VISIT_TIME`) VALUES (3,4,'2020-09-11 13:45:09');
INSERT INTO `article_visit` (`USER_ID`,`ARTICLE_ID`,`ARTICLE_VISIT_TIME`) VALUES (3,4,'2020-09-11 13:45:10');
INSERT INTO `article_visit` (`USER_ID`,`ARTICLE_ID`,`ARTICLE_VISIT_TIME`) VALUES (3,4,'2020-09-11 13:45:48');
INSERT INTO `article_visit` (`USER_ID`,`ARTICLE_ID`,`ARTICLE_VISIT_TIME`) VALUES (3,4,'2020-09-11 13:45:49');
INSERT INTO `article_visit` (`USER_ID`,`ARTICLE_ID`,`ARTICLE_VISIT_TIME`) VALUES (3,4,'2020-09-11 13:46:10');
INSERT INTO `article_visit` (`USER_ID`,`ARTICLE_ID`,`ARTICLE_VISIT_TIME`) VALUES (3,4,'2020-09-11 13:47:24');
INSERT INTO `article_visit` (`USER_ID`,`ARTICLE_ID`,`ARTICLE_VISIT_TIME`) VALUES (3,4,'2020-09-11 13:47:26');
INSERT INTO `article_visit` (`USER_ID`,`ARTICLE_ID`,`ARTICLE_VISIT_TIME`) VALUES (3,4,'2020-09-11 13:47:51');
INSERT INTO `article_visit` (`USER_ID`,`ARTICLE_ID`,`ARTICLE_VISIT_TIME`) VALUES (3,4,'2020-09-11 13:49:58');
INSERT INTO `article_visit` (`USER_ID`,`ARTICLE_ID`,`ARTICLE_VISIT_TIME`) VALUES (3,4,'2020-09-11 13:50:03');
INSERT INTO `article_visit` (`USER_ID`,`ARTICLE_ID`,`ARTICLE_VISIT_TIME`) VALUES (3,4,'2020-09-11 13:50:57');
INSERT INTO `article_visit` (`USER_ID`,`ARTICLE_ID`,`ARTICLE_VISIT_TIME`) VALUES (3,4,'2020-09-11 13:51:38');
INSERT INTO `article_visit` (`USER_ID`,`ARTICLE_ID`,`ARTICLE_VISIT_TIME`) VALUES (3,4,'2020-09-11 13:51:39');
INSERT INTO `article_visit` (`USER_ID`,`ARTICLE_ID`,`ARTICLE_VISIT_TIME`) VALUES (3,4,'2020-09-11 13:53:12');
INSERT INTO `article_visit` (`USER_ID`,`ARTICLE_ID`,`ARTICLE_VISIT_TIME`) VALUES (3,4,'2020-09-11 13:53:32');
INSERT INTO `article_visit` (`USER_ID`,`ARTICLE_ID`,`ARTICLE_VISIT_TIME`) VALUES (3,4,'2020-09-11 13:55:14');
INSERT INTO `article_visit` (`USER_ID`,`ARTICLE_ID`,`ARTICLE_VISIT_TIME`) VALUES (3,4,'2020-09-11 13:55:48');
INSERT INTO `article_visit` (`USER_ID`,`ARTICLE_ID`,`ARTICLE_VISIT_TIME`) VALUES (3,4,'2020-09-11 13:57:19');
INSERT INTO `article_visit` (`USER_ID`,`ARTICLE_ID`,`ARTICLE_VISIT_TIME`) VALUES (3,4,'2020-09-11 13:57:21');
INSERT INTO `article_visit` (`USER_ID`,`ARTICLE_ID`,`ARTICLE_VISIT_TIME`) VALUES (3,4,'2020-09-11 13:57:51');
INSERT INTO `article_visit` (`USER_ID`,`ARTICLE_ID`,`ARTICLE_VISIT_TIME`) VALUES (3,4,'2020-09-11 13:57:56');
INSERT INTO `article_visit` (`USER_ID`,`ARTICLE_ID`,`ARTICLE_VISIT_TIME`) VALUES (3,4,'2020-09-11 13:59:32');
INSERT INTO `article_visit` (`USER_ID`,`ARTICLE_ID`,`ARTICLE_VISIT_TIME`) VALUES (3,4,'2020-09-11 14:00:36');
INSERT INTO `article_visit` (`USER_ID`,`ARTICLE_ID`,`ARTICLE_VISIT_TIME`) VALUES (3,4,'2020-09-11 14:01:38');
INSERT INTO `article_visit` (`USER_ID`,`ARTICLE_ID`,`ARTICLE_VISIT_TIME`) VALUES (3,4,'2020-09-11 14:03:19');
INSERT INTO `article_visit` (`USER_ID`,`ARTICLE_ID`,`ARTICLE_VISIT_TIME`) VALUES (3,4,'2020-09-11 14:03:20');
INSERT INTO `article_visit` (`USER_ID`,`ARTICLE_ID`,`ARTICLE_VISIT_TIME`) VALUES (3,4,'2020-09-11 14:03:39');
INSERT INTO `article_visit` (`USER_ID`,`ARTICLE_ID`,`ARTICLE_VISIT_TIME`) VALUES (3,4,'2020-09-11 14:03:47');
INSERT INTO `article_visit` (`USER_ID`,`ARTICLE_ID`,`ARTICLE_VISIT_TIME`) VALUES (3,4,'2020-09-11 14:05:27');
INSERT INTO `article_visit` (`USER_ID`,`ARTICLE_ID`,`ARTICLE_VISIT_TIME`) VALUES (3,4,'2020-09-11 14:08:25');
INSERT INTO `article_visit` (`USER_ID`,`ARTICLE_ID`,`ARTICLE_VISIT_TIME`) VALUES (3,4,'2020-09-11 14:08:26');
INSERT INTO `article_visit` (`USER_ID`,`ARTICLE_ID`,`ARTICLE_VISIT_TIME`) VALUES (3,4,'2020-09-11 14:11:24');
INSERT INTO `article_visit` (`USER_ID`,`ARTICLE_ID`,`ARTICLE_VISIT_TIME`) VALUES (3,4,'2020-09-11 14:11:26');
INSERT INTO `article_visit` (`USER_ID`,`ARTICLE_ID`,`ARTICLE_VISIT_TIME`) VALUES (3,4,'2020-09-11 14:11:58');
INSERT INTO `article_visit` (`USER_ID`,`ARTICLE_ID`,`ARTICLE_VISIT_TIME`) VALUES (3,4,'2020-09-11 14:12:14');
INSERT INTO `article_visit` (`USER_ID`,`ARTICLE_ID`,`ARTICLE_VISIT_TIME`) VALUES (3,4,'2020-09-11 14:12:42');
INSERT INTO `article_visit` (`USER_ID`,`ARTICLE_ID`,`ARTICLE_VISIT_TIME`) VALUES (3,4,'2020-09-11 14:12:43');
INSERT INTO `article_visit` (`USER_ID`,`ARTICLE_ID`,`ARTICLE_VISIT_TIME`) VALUES (3,4,'2020-09-11 14:14:16');
INSERT INTO `article_visit` (`USER_ID`,`ARTICLE_ID`,`ARTICLE_VISIT_TIME`) VALUES (3,4,'2020-09-11 14:21:48');
INSERT INTO `article_visit` (`USER_ID`,`ARTICLE_ID`,`ARTICLE_VISIT_TIME`) VALUES (3,4,'2020-09-11 14:22:37');
INSERT INTO `article_visit` (`USER_ID`,`ARTICLE_ID`,`ARTICLE_VISIT_TIME`) VALUES (3,4,'2020-09-11 14:22:40');
INSERT INTO `article_visit` (`USER_ID`,`ARTICLE_ID`,`ARTICLE_VISIT_TIME`) VALUES (3,4,'2020-09-11 14:23:11');
INSERT INTO `article_visit` (`USER_ID`,`ARTICLE_ID`,`ARTICLE_VISIT_TIME`) VALUES (3,4,'2020-09-11 14:23:12');
INSERT INTO `article_visit` (`USER_ID`,`ARTICLE_ID`,`ARTICLE_VISIT_TIME`) VALUES (3,4,'2020-09-11 14:27:39');
INSERT INTO `article_visit` (`USER_ID`,`ARTICLE_ID`,`ARTICLE_VISIT_TIME`) VALUES (3,4,'2020-09-11 14:28:21');
INSERT INTO `article_visit` (`USER_ID`,`ARTICLE_ID`,`ARTICLE_VISIT_TIME`) VALUES (3,4,'2020-09-11 14:30:15');
INSERT INTO `article_visit` (`USER_ID`,`ARTICLE_ID`,`ARTICLE_VISIT_TIME`) VALUES (3,4,'2020-09-11 14:31:54');
INSERT INTO `article_visit` (`USER_ID`,`ARTICLE_ID`,`ARTICLE_VISIT_TIME`) VALUES (3,4,'2020-09-11 14:33:52');
INSERT INTO `article_visit` (`USER_ID`,`ARTICLE_ID`,`ARTICLE_VISIT_TIME`) VALUES (3,4,'2020-09-11 14:36:52');
INSERT INTO `article_visit` (`USER_ID`,`ARTICLE_ID`,`ARTICLE_VISIT_TIME`) VALUES (3,4,'2020-09-11 14:37:09');
INSERT INTO `article_visit` (`USER_ID`,`ARTICLE_ID`,`ARTICLE_VISIT_TIME`) VALUES (3,4,'2020-09-11 14:37:18');
INSERT INTO `article_visit` (`USER_ID`,`ARTICLE_ID`,`ARTICLE_VISIT_TIME`) VALUES (3,4,'2020-09-11 14:37:36');
INSERT INTO `article_visit` (`USER_ID`,`ARTICLE_ID`,`ARTICLE_VISIT_TIME`) VALUES (3,4,'2020-09-11 14:37:41');
INSERT INTO `article_visit` (`USER_ID`,`ARTICLE_ID`,`ARTICLE_VISIT_TIME`) VALUES (3,4,'2020-09-11 14:38:40');
INSERT INTO `article_visit` (`USER_ID`,`ARTICLE_ID`,`ARTICLE_VISIT_TIME`) VALUES (3,4,'2020-09-11 14:40:04');
INSERT INTO `article_visit` (`USER_ID`,`ARTICLE_ID`,`ARTICLE_VISIT_TIME`) VALUES (3,4,'2020-09-11 14:40:18');
INSERT INTO `article_visit` (`USER_ID`,`ARTICLE_ID`,`ARTICLE_VISIT_TIME`) VALUES (3,4,'2020-09-11 14:41:45');
INSERT INTO `article_visit` (`USER_ID`,`ARTICLE_ID`,`ARTICLE_VISIT_TIME`) VALUES (3,4,'2020-09-11 14:43:42');
INSERT INTO `article_visit` (`USER_ID`,`ARTICLE_ID`,`ARTICLE_VISIT_TIME`) VALUES (3,4,'2020-09-11 14:50:49');
INSERT INTO `article_visit` (`USER_ID`,`ARTICLE_ID`,`ARTICLE_VISIT_TIME`) VALUES (3,4,'2020-09-11 14:51:31');
INSERT INTO `article_visit` (`USER_ID`,`ARTICLE_ID`,`ARTICLE_VISIT_TIME`) VALUES (3,4,'2020-09-11 14:51:32');
INSERT INTO `article_visit` (`USER_ID`,`ARTICLE_ID`,`ARTICLE_VISIT_TIME`) VALUES (3,4,'2020-09-11 14:52:17');
INSERT INTO `article_visit` (`USER_ID`,`ARTICLE_ID`,`ARTICLE_VISIT_TIME`) VALUES (3,4,'2020-09-11 14:52:23');
INSERT INTO `article_visit` (`USER_ID`,`ARTICLE_ID`,`ARTICLE_VISIT_TIME`) VALUES (3,4,'2020-09-11 14:52:31');
INSERT INTO `article_visit` (`USER_ID`,`ARTICLE_ID`,`ARTICLE_VISIT_TIME`) VALUES (3,4,'2020-09-11 14:52:41');
INSERT INTO `article_visit` (`USER_ID`,`ARTICLE_ID`,`ARTICLE_VISIT_TIME`) VALUES (3,4,'2020-09-11 14:53:16');
INSERT INTO `article_visit` (`USER_ID`,`ARTICLE_ID`,`ARTICLE_VISIT_TIME`) VALUES (3,4,'2020-09-11 14:54:52');
INSERT INTO `article_visit` (`USER_ID`,`ARTICLE_ID`,`ARTICLE_VISIT_TIME`) VALUES (3,4,'2020-09-11 14:54:57');
INSERT INTO `article_visit` (`USER_ID`,`ARTICLE_ID`,`ARTICLE_VISIT_TIME`) VALUES (3,4,'2020-09-11 14:57:57');
INSERT INTO `article_visit` (`USER_ID`,`ARTICLE_ID`,`ARTICLE_VISIT_TIME`) VALUES (3,4,'2020-09-11 15:03:58');
-- ----------------------------
-- Table structure for favourite
-- ----------------------------
    
CREATE TABLE `favourite` (
  `FAVOURITE_ID` int(11) NOT NULL AUTO_INCREMENT,
  `FAVOURITE_NAME` varchar(20) DEFAULT NULL,
  `ARTICLE_NUM` int(11) DEFAULT NULL,
  `USER_ID` int(11) DEFAULT NULL,
  PRIMARY KEY (`FAVOURITE_ID`),
  KEY `USER_ID` (`USER_ID`),
  CONSTRAINT `favourite_ibfk_1` FOREIGN KEY (`USER_ID`) REFERENCES `user` (`USER_ID`) ON DELETE CASCADE
) ENGINE=InnoDB AUTO_INCREMENT=55 DEFAULT CHARSET=utf8; 
      
INSERT INTO `favourite` (`FAVOURITE_ID`,`FAVOURITE_NAME`,`ARTICLE_NUM`,`USER_ID`) VALUES (4,'01',0,7);
INSERT INTO `favourite` (`FAVOURITE_ID`,`FAVOURITE_NAME`,`ARTICLE_NUM`,`USER_ID`) VALUES (5,'user1\'s folder2',0,7);
INSERT INTO `favourite` (`FAVOURITE_ID`,`FAVOURITE_NAME`,`ARTICLE_NUM`,`USER_ID`) VALUES (6,'user1\'s folder3',0,7);
INSERT INTO `favourite` (`FAVOURITE_ID`,`FAVOURITE_NAME`,`ARTICLE_NUM`,`USER_ID`) VALUES (7,'user1\'s folder1',0,7);
INSERT INTO `favourite` (`FAVOURITE_ID`,`FAVOURITE_NAME`,`ARTICLE_NUM`,`USER_ID`) VALUES (13,'测试测试测试测试测试测试',1,3);
INSERT INTO `favourite` (`FAVOURITE_ID`,`FAVOURITE_NAME`,`ARTICLE_NUM`,`USER_ID`) VALUES (17,'钱钱钱',2,3);
INSERT INTO `favourite` (`FAVOURITE_ID`,`FAVOURITE_NAME`,`ARTICLE_NUM`,`USER_ID`) VALUES (18,'一般',7,3);
INSERT INTO `favourite` (`FAVOURITE_ID`,`FAVOURITE_NAME`,`ARTICLE_NUM`,`USER_ID`) VALUES (19,'测试啊',2,3);
INSERT INTO `favourite` (`FAVOURITE_ID`,`FAVOURITE_NAME`,`ARTICLE_NUM`,`USER_ID`) VALUES (20,'1',2,3);
INSERT INTO `favourite` (`FAVOURITE_ID`,`FAVOURITE_NAME`,`ARTICLE_NUM`,`USER_ID`) VALUES (21,'12',1,3);
INSERT INTO `favourite` (`FAVOURITE_ID`,`FAVOURITE_NAME`,`ARTICLE_NUM`,`USER_ID`) VALUES (22,'123',1,3);
INSERT INTO `favourite` (`FAVOURITE_ID`,`FAVOURITE_NAME`,`ARTICLE_NUM`,`USER_ID`) VALUES (23,'1234',0,3);
INSERT INTO `favourite` (`FAVOURITE_ID`,`FAVOURITE_NAME`,`ARTICLE_NUM`,`USER_ID`) VALUES (25,'3',0,3);
INSERT INTO `favourite` (`FAVOURITE_ID`,`FAVOURITE_NAME`,`ARTICLE_NUM`,`USER_ID`) VALUES (26,'4',0,3);
INSERT INTO `favourite` (`FAVOURITE_ID`,`FAVOURITE_NAME`,`ARTICLE_NUM`,`USER_ID`) VALUES (27,'5',0,3);
INSERT INTO `favourite` (`FAVOURITE_ID`,`FAVOURITE_NAME`,`ARTICLE_NUM`,`USER_ID`) VALUES (28,'6',0,3);
INSERT INTO `favourite` (`FAVOURITE_ID`,`FAVOURITE_NAME`,`ARTICLE_NUM`,`USER_ID`) VALUES (29,'7',0,3);
INSERT INTO `favourite` (`FAVOURITE_ID`,`FAVOURITE_NAME`,`ARTICLE_NUM`,`USER_ID`) VALUES (30,'8',0,3);
INSERT INTO `favourite` (`FAVOURITE_ID`,`FAVOURITE_NAME`,`ARTICLE_NUM`,`USER_ID`) VALUES (31,'9',0,3);
INSERT INTO `favourite` (`FAVOURITE_ID`,`FAVOURITE_NAME`,`ARTICLE_NUM`,`USER_ID`) VALUES (32,'10',1,3);
INSERT INTO `favourite` (`FAVOURITE_ID`,`FAVOURITE_NAME`,`ARTICLE_NUM`,`USER_ID`) VALUES (33,'bi',0,3);
INSERT INTO `favourite` (`FAVOURITE_ID`,`FAVOURITE_NAME`,`ARTICLE_NUM`,`USER_ID`) VALUES (35,'11111',0,3);
INSERT INTO `favourite` (`FAVOURITE_ID`,`FAVOURITE_NAME`,`ARTICLE_NUM`,`USER_ID`) VALUES (36,'111111',0,3);
INSERT INTO `favourite` (`FAVOURITE_ID`,`FAVOURITE_NAME`,`ARTICLE_NUM`,`USER_ID`) VALUES (37,'1111111',0,3);
INSERT INTO `favourite` (`FAVOURITE_ID`,`FAVOURITE_NAME`,`ARTICLE_NUM`,`USER_ID`) VALUES (38,'11111111',0,3);
INSERT INTO `favourite` (`FAVOURITE_ID`,`FAVOURITE_NAME`,`ARTICLE_NUM`,`USER_ID`) VALUES (39,'111111111',0,3);
INSERT INTO `favourite` (`FAVOURITE_ID`,`FAVOURITE_NAME`,`ARTICLE_NUM`,`USER_ID`) VALUES (40,'1111111111',0,3);
INSERT INTO `favourite` (`FAVOURITE_ID`,`FAVOURITE_NAME`,`ARTICLE_NUM`,`USER_ID`) VALUES (41,'11111111111',0,3);
INSERT INTO `favourite` (`FAVOURITE_ID`,`FAVOURITE_NAME`,`ARTICLE_NUM`,`USER_ID`) VALUES (42,'111111111111',0,3);
INSERT INTO `favourite` (`FAVOURITE_ID`,`FAVOURITE_NAME`,`ARTICLE_NUM`,`USER_ID`) VALUES (44,'asd',0,3);
INSERT INTO `favourite` (`FAVOURITE_ID`,`FAVOURITE_NAME`,`ARTICLE_NUM`,`USER_ID`) VALUES (51,'学习',0,41);
INSERT INTO `favourite` (`FAVOURITE_ID`,`FAVOURITE_NAME`,`ARTICLE_NUM`,`USER_ID`) VALUES (52,'娱乐',0,41);
INSERT INTO `favourite` (`FAVOURITE_ID`,`FAVOURITE_NAME`,`ARTICLE_NUM`,`USER_ID`) VALUES (53,'音乐',0,41);
INSERT INTO `favourite` (`FAVOURITE_ID`,`FAVOURITE_NAME`,`ARTICLE_NUM`,`USER_ID`) VALUES (54,'美女的收藏夹',3,5);
-- ----------------------------
-- Table structure for favourite_article
-- ----------------------------
    
CREATE TABLE `favourite_article` (
  `FAVOURITE_ID` int(11) NOT NULL,
  `ARTICLE_ID` int(11) NOT NULL,
  `FAVOURITE_TIME` datetime DEFAULT NULL,
  PRIMARY KEY (`FAVOURITE_ID`,`ARTICLE_ID`),
  KEY `ARTICLE_ID` (`ARTICLE_ID`),
  CONSTRAINT `favourite_article_ibfk_1` FOREIGN KEY (`FAVOURITE_ID`) REFERENCES `favourite` (`FAVOURITE_ID`) ON DELETE CASCADE,
  CONSTRAINT `favourite_article_ibfk_2` FOREIGN KEY (`ARTICLE_ID`) REFERENCES `article` (`ARTICLE_ID`) ON DELETE CASCADE
) ENGINE=InnoDB DEFAULT CHARSET=utf8; 
      
INSERT INTO `favourite_article` (`FAVOURITE_ID`,`ARTICLE_ID`,`FAVOURITE_TIME`) VALUES (17,54,'2020-09-15 19:57:53');
INSERT INTO `favourite_article` (`FAVOURITE_ID`,`ARTICLE_ID`,`FAVOURITE_TIME`) VALUES (17,57,'2020-09-15 19:12:04');
INSERT INTO `favourite_article` (`FAVOURITE_ID`,`ARTICLE_ID`,`FAVOURITE_TIME`) VALUES (18,4,'2020-09-14 00:52:00');
INSERT INTO `favourite_article` (`FAVOURITE_ID`,`ARTICLE_ID`,`FAVOURITE_TIME`) VALUES (18,5,'2020-09-14 00:52:03');
INSERT INTO `favourite_article` (`FAVOURITE_ID`,`ARTICLE_ID`,`FAVOURITE_TIME`) VALUES (18,33,'2020-09-15 00:59:55');
INSERT INTO `favourite_article` (`FAVOURITE_ID`,`ARTICLE_ID`,`FAVOURITE_TIME`) VALUES (18,41,'2020-09-14 16:39:57');
INSERT INTO `favourite_article` (`FAVOURITE_ID`,`ARTICLE_ID`,`FAVOURITE_TIME`) VALUES (18,57,'2020-09-15 19:12:23');
INSERT INTO `favourite_article` (`FAVOURITE_ID`,`ARTICLE_ID`,`FAVOURITE_TIME`) VALUES (19,41,'2020-09-14 12:56:45');
INSERT INTO `favourite_article` (`FAVOURITE_ID`,`ARTICLE_ID`,`FAVOURITE_TIME`) VALUES (19,45,'2020-09-16 21:16:26');
INSERT INTO `favourite_article` (`FAVOURITE_ID`,`ARTICLE_ID`,`FAVOURITE_TIME`) VALUES (20,41,'2020-09-14 16:36:12');
INSERT INTO `favourite_article` (`FAVOURITE_ID`,`ARTICLE_ID`,`FAVOURITE_TIME`) VALUES (20,54,'2020-09-15 19:58:03');
INSERT INTO `favourite_article` (`FAVOURITE_ID`,`ARTICLE_ID`,`FAVOURITE_TIME`) VALUES (21,33,'2020-09-14 10:59:54');
INSERT INTO `favourite_article` (`FAVOURITE_ID`,`ARTICLE_ID`,`FAVOURITE_TIME`) VALUES (22,33,'2020-09-15 01:01:28');
INSERT INTO `favourite_article` (`FAVOURITE_ID`,`ARTICLE_ID`,`FAVOURITE_TIME`) VALUES (32,57,'2020-09-15 19:58:53');
INSERT INTO `favourite_article` (`FAVOURITE_ID`,`ARTICLE_ID`,`FAVOURITE_TIME`) VALUES (54,33,'2020-09-19 17:07:06');
INSERT INTO `favourite_article` (`FAVOURITE_ID`,`ARTICLE_ID`,`FAVOURITE_TIME`) VALUES (54,45,'2020-09-19 17:07:44');
INSERT INTO `favourite_article` (`FAVOURITE_ID`,`ARTICLE_ID`,`FAVOURITE_TIME`) VALUES (54,82,'2020-09-19 17:09:48');
-- ----------------------------
-- Table structure for message_library
-- ----------------------------
    
CREATE TABLE `message_library` (
  `MESSAGE_ID` int(11) NOT NULL,
  `MESSAGE_TYPE` varchar(5) NOT NULL,
  `MESSAGE_CONTENT` tinytext,
  `MESSAGE_TIME` datetime DEFAULT NULL,
  PRIMARY KEY (`MESSAGE_ID`,`MESSAGE_TYPE`)
) ENGINE=InnoDB DEFAULT CHARSET=utf8; 
      
INSERT INTO `message_library` (`MESSAGE_ID`,`MESSAGE_TYPE`) VALUES (17,'3');
INSERT INTO `message_library` (`MESSAGE_ID`,`MESSAGE_TYPE`) VALUES (17,'5');
INSERT INTO `message_library` (`MESSAGE_ID`,`MESSAGE_TYPE`) VALUES (18,'3');
INSERT INTO `message_library` (`MESSAGE_ID`,`MESSAGE_TYPE`) VALUES (18,'5');
INSERT INTO `message_library` (`MESSAGE_ID`,`MESSAGE_TYPE`) VALUES (104,'3');
INSERT INTO `message_library` (`MESSAGE_ID`,`MESSAGE_TYPE`) VALUES (105,'3');
INSERT INTO `message_library` (`MESSAGE_ID`,`MESSAGE_TYPE`) VALUES (106,'3');
INSERT INTO `message_library` (`MESSAGE_ID`,`MESSAGE_TYPE`) VALUES (107,'3');
INSERT INTO `message_library` (`MESSAGE_ID`,`MESSAGE_TYPE`) VALUES (108,'3');
INSERT INTO `message_library` (`MESSAGE_ID`,`MESSAGE_TYPE`) VALUES (109,'3');
INSERT INTO `message_library` (`MESSAGE_ID`,`MESSAGE_TYPE`) VALUES (110,'3');
INSERT INTO `message_library` (`MESSAGE_ID`,`MESSAGE_TYPE`) VALUES (111,'3');
INSERT INTO `message_library` (`MESSAGE_ID`,`MESSAGE_TYPE`) VALUES (112,'3');
INSERT INTO `message_library` (`MESSAGE_ID`,`MESSAGE_TYPE`) VALUES (113,'3');
INSERT INTO `message_library` (`MESSAGE_ID`,`MESSAGE_TYPE`) VALUES (115,'3');
INSERT INTO `message_library` (`MESSAGE_ID`,`MESSAGE_TYPE`) VALUES (116,'3');
INSERT INTO `message_library` (`MESSAGE_ID`,`MESSAGE_TYPE`) VALUES (117,'3');
INSERT INTO `message_library` (`MESSAGE_ID`,`MESSAGE_TYPE`) VALUES (118,'3');
INSERT INTO `message_library` (`MESSAGE_ID`,`MESSAGE_TYPE`) VALUES (135,'3');
INSERT INTO `message_library` (`MESSAGE_ID`,`MESSAGE_TYPE`) VALUES (142,'3');
INSERT INTO `message_library` (`MESSAGE_ID`,`MESSAGE_TYPE`) VALUES (143,'3');
INSERT INTO `message_library` (`MESSAGE_ID`,`MESSAGE_TYPE`) VALUES (144,'3');
INSERT INTO `message_library` (`MESSAGE_ID`,`MESSAGE_TYPE`) VALUES (145,'3');
INSERT INTO `message_library` (`MESSAGE_ID`,`MESSAGE_TYPE`) VALUES (147,'5');
INSERT INTO `message_library` (`MESSAGE_ID`,`MESSAGE_TYPE`) VALUES (149,'5');
INSERT INTO `message_library` (`MESSAGE_ID`,`MESSAGE_TYPE`) VALUES (155,'5');
INSERT INTO `message_library` (`MESSAGE_ID`,`MESSAGE_TYPE`) VALUES (157,'5');
INSERT INTO `message_library` (`MESSAGE_ID`,`MESSAGE_TYPE`) VALUES (158,'41');
-- ----------------------------
-- Table structure for message_receive
-- ----------------------------
    
CREATE TABLE `message_receive` (
  `MESSAGE_ID` int(11) NOT NULL,
  `USER_ID` int(11) NOT NULL,
  `READ_STATE` tinyint(1) DEFAULT NULL,
  PRIMARY KEY (`MESSAGE_ID`,`USER_ID`),
  KEY `USER_ID` (`USER_ID`),
  CONSTRAINT `message_receive_ibfk_1` FOREIGN KEY (`USER_ID`) REFERENCES `user` (`USER_ID`) ON DELETE CASCADE,
  CONSTRAINT `message_receive_ibfk_2` FOREIGN KEY (`MESSAGE_ID`) REFERENCES `message_library` (`MESSAGE_ID`) ON DELETE CASCADE
) ENGINE=InnoDB DEFAULT CHARSET=utf8; 
      

-- ----------------------------
-- Table structure for message_send
-- ----------------------------
    
CREATE TABLE `message_send` (
  `MESSAGE_ID` int(11) NOT NULL,
  `USER_ID` int(11) NOT NULL,
  `RECEIVE_STATE` tinyint(1) DEFAULT NULL,
  PRIMARY KEY (`MESSAGE_ID`,`USER_ID`),
  KEY `USER_ID` (`USER_ID`),
  CONSTRAINT `message_send_ibfk_1` FOREIGN KEY (`USER_ID`) REFERENCES `user` (`USER_ID`) ON DELETE CASCADE,
  CONSTRAINT `message_send_ibfk_2` FOREIGN KEY (`MESSAGE_ID`) REFERENCES `message_library` (`MESSAGE_ID`) ON DELETE CASCADE
) ENGINE=InnoDB DEFAULT CHARSET=utf8; 
      

-- ----------------------------
-- Table structure for photo
-- ----------------------------
    
CREATE TABLE `photo` (
  `PHOTO_ID` int(11) NOT NULL AUTO_INCREMENT,
  `ALBUM_ID` int(11) DEFAULT NULL,
  `PHOTO_LIKES` int(11) DEFAULT NULL,
  `VISIT_NUM` int(11) DEFAULT NULL,
  `PHOTO_ADDRESS` varchar(80) DEFAULT NULL,
  `PHOTO_UPLOAD_TIME` datetime DEFAULT NULL,
  `USER_ID` int(11) DEFAULT NULL,
  PRIMARY KEY (`PHOTO_ID`),
  KEY `ALBUM_ID` (`ALBUM_ID`),
  KEY `USER_ID` (`USER_ID`),
  CONSTRAINT `photo_ibfk_1` FOREIGN KEY (`ALBUM_ID`) REFERENCES `album` (`ALBUM_ID`) ON DELETE CASCADE,
  CONSTRAINT `photo_ibfk_2` FOREIGN KEY (`USER_ID`) REFERENCES `user` (`USER_ID`) ON DELETE CASCADE
) ENGINE=InnoDB AUTO_INCREMENT=162 DEFAULT CHARSET=utf8; 
      
INSERT INTO `photo` (`PHOTO_ID`,`ALBUM_ID`,`PHOTO_LIKES`,`VISIT_NUM`,`PHOTO_ADDRESS`,`PHOTO_UPLOAD_TIME`,`USER_ID`) VALUES (17,6,2,0,'BlogPics/albums\\5\\6\\13302d1d-9371-40c5-8f88-5336a4706d17_background03.jpg','2020-09-09 14:34:15',5);
INSERT INTO `photo` (`PHOTO_ID`,`ALBUM_ID`,`PHOTO_LIKES`,`VISIT_NUM`,`PHOTO_ADDRESS`,`PHOTO_UPLOAD_TIME`,`USER_ID`) VALUES (18,6,2,0,'BlogPics/albums\\5\\6\\aac88e70-8cf3-4aaf-9c94-53e5404acd59_background04.jpg','2020-09-09 14:34:15',5);
INSERT INTO `photo` (`PHOTO_ID`,`ALBUM_ID`,`PHOTO_LIKES`,`VISIT_NUM`,`PHOTO_ADDRESS`,`PHOTO_UPLOAD_TIME`,`USER_ID`) VALUES (19,7,0,0,'BlogPics/albums\\7\\7\\3aaac4e9-9aaf-4545-b310-e4fd39e2630f_background05.jpg','2020-09-09 14:35:23',7);
INSERT INTO `photo` (`PHOTO_ID`,`ALBUM_ID`,`PHOTO_LIKES`,`VISIT_NUM`,`PHOTO_ADDRESS`,`PHOTO_UPLOAD_TIME`,`USER_ID`) VALUES (20,8,0,0,'BlogPics/albums\\8\\8\\0c262dd2-a4ea-48c9-83b4-5dc54a7fee27_background01.jpg','2020-09-09 14:36:09',8);
INSERT INTO `photo` (`PHOTO_ID`,`ALBUM_ID`,`PHOTO_LIKES`,`VISIT_NUM`,`PHOTO_ADDRESS`,`PHOTO_UPLOAD_TIME`,`USER_ID`) VALUES (104,156,1,0,'BlogPics/albums\\3\\156\\6fa46b39-5a90-41b0-953a-739a9474e0f3_游戏 - 3.jpg','2020-09-15 00:04:13',3);
INSERT INTO `photo` (`PHOTO_ID`,`ALBUM_ID`,`PHOTO_LIKES`,`VISIT_NUM`,`PHOTO_ADDRESS`,`PHOTO_UPLOAD_TIME`,`USER_ID`) VALUES (105,156,1,0,'BlogPics/albums\\3\\156\\8e41b0cb-07cc-475a-9826-809bfc442917_游戏 - 4.jpg','2020-09-15 00:04:38',3);
INSERT INTO `photo` (`PHOTO_ID`,`ALBUM_ID`,`PHOTO_LIKES`,`VISIT_NUM`,`PHOTO_ADDRESS`,`PHOTO_UPLOAD_TIME`,`USER_ID`) VALUES (106,156,1,0,'BlogPics/albums\\3\\156\\5d84364c-dd32-4db2-a93a-672f8740c6b0_游戏 - 14.jpg','2020-09-15 00:05:06',3);
INSERT INTO `photo` (`PHOTO_ID`,`ALBUM_ID`,`PHOTO_LIKES`,`VISIT_NUM`,`PHOTO_ADDRESS`,`PHOTO_UPLOAD_TIME`,`USER_ID`) VALUES (107,156,1,0,'BlogPics/albums\\3\\156\\b108d6f4-5f43-4d00-86d5-7aef0c76d0ee_情感 - 1.jpg','2020-09-15 00:05:34',3);
INSERT INTO `photo` (`PHOTO_ID`,`ALBUM_ID`,`PHOTO_LIKES`,`VISIT_NUM`,`PHOTO_ADDRESS`,`PHOTO_UPLOAD_TIME`,`USER_ID`) VALUES (108,156,1,0,'BlogPics/albums\\3\\156\\4b05c8db-7b63-4f08-aabd-6a6548741beb_情感 - 2.jpg','2020-09-15 00:06:00',3);
INSERT INTO `photo` (`PHOTO_ID`,`ALBUM_ID`,`PHOTO_LIKES`,`VISIT_NUM`,`PHOTO_ADDRESS`,`PHOTO_UPLOAD_TIME`,`USER_ID`) VALUES (109,156,1,0,'BlogPics/albums\\3\\156\\a64d83a3-8127-4c50-994e-66cea89b6335_情感 - 3.jpg','2020-09-15 00:09:44',3);
INSERT INTO `photo` (`PHOTO_ID`,`ALBUM_ID`,`PHOTO_LIKES`,`VISIT_NUM`,`PHOTO_ADDRESS`,`PHOTO_UPLOAD_TIME`,`USER_ID`) VALUES (110,156,1,0,'BlogPics/albums\\3\\156\\19b0a282-babb-4481-895a-b1ffe2704017_情感 - 4.jpg','2020-09-15 00:10:00',3);
INSERT INTO `photo` (`PHOTO_ID`,`ALBUM_ID`,`PHOTO_LIKES`,`VISIT_NUM`,`PHOTO_ADDRESS`,`PHOTO_UPLOAD_TIME`,`USER_ID`) VALUES (111,156,1,0,'BlogPics/albums\\3\\156\\ec5cd851-b4b0-4c2d-b307-1e498cf913b6_设计 - 5.jpg','2020-09-15 00:10:21',3);
INSERT INTO `photo` (`PHOTO_ID`,`ALBUM_ID`,`PHOTO_LIKES`,`VISIT_NUM`,`PHOTO_ADDRESS`,`PHOTO_UPLOAD_TIME`,`USER_ID`) VALUES (112,156,1,0,'BlogPics/albums\\3\\156\\65a914eb-8dc3-446e-a79d-019a821a12a7_设计 - 8.jpg','2020-09-15 00:10:36',3);
INSERT INTO `photo` (`PHOTO_ID`,`ALBUM_ID`,`PHOTO_LIKES`,`VISIT_NUM`,`PHOTO_ADDRESS`,`PHOTO_UPLOAD_TIME`,`USER_ID`) VALUES (113,156,1,0,'BlogPics/albums\\3\\156\\9c62770c-6241-4f1d-aac1-48414ea02b28_设计 - 76.jpg','2020-09-15 00:10:49',3);
INSERT INTO `photo` (`PHOTO_ID`,`ALBUM_ID`,`PHOTO_LIKES`,`VISIT_NUM`,`PHOTO_ADDRESS`,`PHOTO_UPLOAD_TIME`,`USER_ID`) VALUES (115,156,1,0,'BlogPics/albums\\3\\156\\ebab3bf6-5f5d-4d6a-9235-ce737bd34549_文字 - 162.jpg','2020-09-15 00:11:54',3);
INSERT INTO `photo` (`PHOTO_ID`,`ALBUM_ID`,`PHOTO_LIKES`,`VISIT_NUM`,`PHOTO_ADDRESS`,`PHOTO_UPLOAD_TIME`,`USER_ID`) VALUES (116,156,1,0,'BlogPics/albums\\3\\156\\2bd5ad48-8a33-4b01-98c7-ea568ef426a6_文字 - 162.jpg','2020-09-15 13:32:42',3);
INSERT INTO `photo` (`PHOTO_ID`,`ALBUM_ID`,`PHOTO_LIKES`,`VISIT_NUM`,`PHOTO_ADDRESS`,`PHOTO_UPLOAD_TIME`,`USER_ID`) VALUES (117,176,1,0,'BlogPics/albums\\3\\176\\f5308c45-3c8f-4c30-ab21-de6f5a331e3a_文字 - 162.jpg','2020-09-15 14:32:12',3);
INSERT INTO `photo` (`PHOTO_ID`,`ALBUM_ID`,`PHOTO_LIKES`,`VISIT_NUM`,`PHOTO_ADDRESS`,`PHOTO_UPLOAD_TIME`,`USER_ID`) VALUES (118,155,1,0,'BlogPics/albums\\3\\155\\ee00485e-030c-4f88-b8da-431e511a2bb2_游戏 - 4.jpg','2020-09-15 14:37:00',3);
INSERT INTO `photo` (`PHOTO_ID`,`ALBUM_ID`,`PHOTO_LIKES`,`VISIT_NUM`,`PHOTO_ADDRESS`,`PHOTO_UPLOAD_TIME`,`USER_ID`) VALUES (119,155,0,0,'BlogPics/albums\\3\\155\\c5e5a082-8864-4d1a-a433-145b0478b8e7_游戏 - 3.jpg','2020-09-15 14:39:19',3);
INSERT INTO `photo` (`PHOTO_ID`,`ALBUM_ID`,`PHOTO_LIKES`,`VISIT_NUM`,`PHOTO_ADDRESS`,`PHOTO_UPLOAD_TIME`,`USER_ID`) VALUES (120,153,0,0,'BlogPics/albums\\3\\153\\94f38af7-e48f-4053-a879-5411e4db5bbc_5d8090d207b61.jpg','2020-09-15 14:41:03',3);
INSERT INTO `photo` (`PHOTO_ID`,`ALBUM_ID`,`PHOTO_LIKES`,`VISIT_NUM`,`PHOTO_ADDRESS`,`PHOTO_UPLOAD_TIME`,`USER_ID`) VALUES (121,152,0,0,'BlogPics/albums\\3\\152\\34a4a2f7-e8c6-403e-8c18-579ba0c0269a_设计 - 5.jpg','2020-09-15 15:01:14',3);
INSERT INTO `photo` (`PHOTO_ID`,`ALBUM_ID`,`PHOTO_LIKES`,`VISIT_NUM`,`PHOTO_ADDRESS`,`PHOTO_UPLOAD_TIME`,`USER_ID`) VALUES (122,151,0,0,'BlogPics/albums\\3\\151\\1ccd6d82-a02e-4fe4-8c96-948a6c7b0d90_设计 - 76.jpg','2020-09-15 15:02:06',3);
INSERT INTO `photo` (`PHOTO_ID`,`ALBUM_ID`,`PHOTO_LIKES`,`VISIT_NUM`,`PHOTO_ADDRESS`,`PHOTO_UPLOAD_TIME`,`USER_ID`) VALUES (125,148,0,0,'BlogPics/albums\\3\\148\\ff85f97b-914e-4ed7-9825-a73ac07a7124_设计 - 76.jpg','2020-09-15 15:08:25',3);
INSERT INTO `photo` (`PHOTO_ID`,`ALBUM_ID`,`PHOTO_LIKES`,`VISIT_NUM`,`PHOTO_ADDRESS`,`PHOTO_UPLOAD_TIME`,`USER_ID`) VALUES (127,146,0,0,'BlogPics/albums\\3\\146\\9c4dbe9e-4e89-45a7-a5e4-35385f87ead6_视觉 - 7.jpg','2020-09-15 15:11:59',3);
INSERT INTO `photo` (`PHOTO_ID`,`ALBUM_ID`,`PHOTO_LIKES`,`VISIT_NUM`,`PHOTO_ADDRESS`,`PHOTO_UPLOAD_TIME`,`USER_ID`) VALUES (135,156,1,0,'BlogPics/albums\\3\\156\\bbeece8c-8631-4c47-be19-e5bb7eb4ed42_游戏 - 4.jpg','2020-09-15 15:25:37',3);
INSERT INTO `photo` (`PHOTO_ID`,`ALBUM_ID`,`PHOTO_LIKES`,`VISIT_NUM`,`PHOTO_ADDRESS`,`PHOTO_UPLOAD_TIME`,`USER_ID`) VALUES (141,145,0,0,'BlogPics/albums\\3\\145\\8fcc1d1d-aac9-459f-9f25-c44b8716bfb2_游戏 - 4.jpg','2020-09-15 15:31:48',3);
INSERT INTO `photo` (`PHOTO_ID`,`ALBUM_ID`,`PHOTO_LIKES`,`VISIT_NUM`,`PHOTO_ADDRESS`,`PHOTO_UPLOAD_TIME`,`USER_ID`) VALUES (143,156,1,0,'BlogPics/albums\\3\\156\\5478a504-ee1b-4429-9207-562b6ea86566_游戏 - 4.jpg','2020-09-15 19:09:52',3);
INSERT INTO `photo` (`PHOTO_ID`,`ALBUM_ID`,`PHOTO_LIKES`,`VISIT_NUM`,`PHOTO_ADDRESS`,`PHOTO_UPLOAD_TIME`,`USER_ID`) VALUES (144,156,1,0,'BlogPics/albums\\3\\156\\dcd25c3c-0642-4cb0-aa7f-34cbc5c26090_游戏 - 4.jpg','2020-09-15 19:18:12',3);
INSERT INTO `photo` (`PHOTO_ID`,`ALBUM_ID`,`PHOTO_LIKES`,`VISIT_NUM`,`PHOTO_ADDRESS`,`PHOTO_UPLOAD_TIME`,`USER_ID`) VALUES (145,156,1,0,'BlogPics/albums\\3\\156\\4f239c03-dbd6-4215-a7fe-ac22f904642f_游戏 - 4.jpg','2020-09-16 19:44:50',3);
INSERT INTO `photo` (`PHOTO_ID`,`ALBUM_ID`,`PHOTO_LIKES`,`VISIT_NUM`,`PHOTO_ADDRESS`,`PHOTO_UPLOAD_TIME`,`USER_ID`) VALUES (147,6,1,0,'BlogPics/albums\\3\\6\\df76ff10-264a-4e4f-bfe9-50921ed37b55_register.jpg','2020-09-19 09:47:52',3);
INSERT INTO `photo` (`PHOTO_ID`,`ALBUM_ID`,`PHOTO_LIKES`,`VISIT_NUM`,`PHOTO_ADDRESS`,`PHOTO_UPLOAD_TIME`,`USER_ID`) VALUES (148,6,0,0,'BlogPics/albums\\3\\6\\cf95f334-aa69-4641-a5f8-a971a10fe994_fire.png','2020-09-19 09:47:56',3);
INSERT INTO `photo` (`PHOTO_ID`,`ALBUM_ID`,`PHOTO_LIKES`,`VISIT_NUM`,`PHOTO_ADDRESS`,`PHOTO_UPLOAD_TIME`,`USER_ID`) VALUES (149,6,1,0,'BlogPics/albums\\3\\6\\84c48157-57ae-45fc-92fa-3692976ad345_fire.png','2020-09-19 09:48:00',3);
INSERT INTO `photo` (`PHOTO_ID`,`ALBUM_ID`,`PHOTO_LIKES`,`VISIT_NUM`,`PHOTO_ADDRESS`,`PHOTO_UPLOAD_TIME`,`USER_ID`) VALUES (150,6,0,0,'BlogPics/albums\\3\\6\\4464a50a-e79d-48ec-811e-5639357b354d_like.png','2020-09-19 09:48:06',3);
INSERT INTO `photo` (`PHOTO_ID`,`ALBUM_ID`,`PHOTO_LIKES`,`VISIT_NUM`,`PHOTO_ADDRESS`,`PHOTO_UPLOAD_TIME`,`USER_ID`) VALUES (151,6,0,0,'BlogPics/albums\\3\\6\\a3556e38-d197-45ce-9dec-8b778e4725d2_login.jpg','2020-09-19 09:48:12',3);
INSERT INTO `photo` (`PHOTO_ID`,`ALBUM_ID`,`PHOTO_LIKES`,`VISIT_NUM`,`PHOTO_ADDRESS`,`PHOTO_UPLOAD_TIME`,`USER_ID`) VALUES (152,6,0,0,'BlogPics/albums\\3\\6\\5f4ee9fa-72d4-4324-821f-375a816cdfa2_logo.png','2020-09-19 09:48:24',3);
INSERT INTO `photo` (`PHOTO_ID`,`ALBUM_ID`,`PHOTO_LIKES`,`VISIT_NUM`,`PHOTO_ADDRESS`,`PHOTO_UPLOAD_TIME`,`USER_ID`) VALUES (153,6,0,0,'BlogPics/albums\\3\\6\\81b895b0-ccac-4a41-ba4c-c2ffa9210538_babe-fyrcsrv8730487.jpg','2020-09-19 09:48:30',3);
INSERT INTO `photo` (`PHOTO_ID`,`ALBUM_ID`,`PHOTO_LIKES`,`VISIT_NUM`,`PHOTO_ADDRESS`,`PHOTO_UPLOAD_TIME`,`USER_ID`) VALUES (154,6,0,0,'BlogPics/albums\\3\\6\\5b2b965c-c827-4929-92ce-34ce05e716e9_noalbum.jpg','2020-09-19 09:49:16',3);
INSERT INTO `photo` (`PHOTO_ID`,`ALBUM_ID`,`PHOTO_LIKES`,`VISIT_NUM`,`PHOTO_ADDRESS`,`PHOTO_UPLOAD_TIME`,`USER_ID`) VALUES (156,178,0,0,'BlogPics/albums\\5\\178\\adef59a8-6a19-4859-9b2c-282697a56525_fire.png','2020-09-19 11:19:44',5);
INSERT INTO `photo` (`PHOTO_ID`,`ALBUM_ID`,`PHOTO_LIKES`,`VISIT_NUM`,`PHOTO_ADDRESS`,`PHOTO_UPLOAD_TIME`,`USER_ID`) VALUES (158,180,1,0,'BlogPics/albums\\41\\180\\9bb41988-bc21-45cf-a598-ad3608fa9d54_猫1.jpg','2020-09-19 16:33:49',41);
INSERT INTO `photo` (`PHOTO_ID`,`ALBUM_ID`,`PHOTO_LIKES`,`VISIT_NUM`,`PHOTO_ADDRESS`,`PHOTO_UPLOAD_TIME`,`USER_ID`) VALUES (159,180,0,0,'BlogPics/albums\\41\\180\\96e60fcf-3895-4e0f-be6c-66a0221e8a34_猫2.jpg','2020-09-19 16:33:49',41);
INSERT INTO `photo` (`PHOTO_ID`,`ALBUM_ID`,`PHOTO_LIKES`,`VISIT_NUM`,`PHOTO_ADDRESS`,`PHOTO_UPLOAD_TIME`,`USER_ID`) VALUES (160,180,0,0,'BlogPics/albums\\41\\180\\1565fbb8-01e8-4186-9444-44bc3d1b07f2_猫3.jpg','2020-09-19 16:33:49',41);
INSERT INTO `photo` (`PHOTO_ID`,`ALBUM_ID`,`PHOTO_LIKES`,`VISIT_NUM`,`PHOTO_ADDRESS`,`PHOTO_UPLOAD_TIME`,`USER_ID`) VALUES (161,180,0,0,'BlogPics/albums\\41\\180\\dfe23d80-a068-4a73-9e5b-57dc59280cbc_猫4.jpg','2020-09-19 16:33:49',41);
-- ----------------------------
-- Table structure for photo_comment
-- ----------------------------
    
CREATE TABLE `photo_comment` (
  `PHOTO_COMMENT_ID` int(11) NOT NULL AUTO_INCREMENT,
  `PHOTO_COMMENT_CONTENT` text,
  `PHOTO_ID` int(11) DEFAULT NULL,
  `USER_ID` int(11) DEFAULT NULL,
  `PHOTO_COMMENT_TIME` datetime DEFAULT NULL,
  PRIMARY KEY (`PHOTO_COMMENT_ID`),
  KEY `PHOTO_ID` (`PHOTO_ID`),
  KEY `USER_ID` (`USER_ID`),
  CONSTRAINT `photo_comment_ibfk_1` FOREIGN KEY (`PHOTO_ID`) REFERENCES `photo` (`PHOTO_ID`) ON DELETE CASCADE,
  CONSTRAINT `photo_comment_ibfk_2` FOREIGN KEY (`USER_ID`) REFERENCES `user` (`USER_ID`) ON DELETE CASCADE
) ENGINE=InnoDB AUTO_INCREMENT=74 DEFAULT CHARSET=utf8; 
      
INSERT INTO `photo_comment` (`PHOTO_COMMENT_ID`,`PHOTO_COMMENT_CONTENT`,`PHOTO_ID`,`USER_ID`,`PHOTO_COMMENT_TIME`) VALUES (46,'w',106,3,'2020-09-15 01:33:47');
INSERT INTO `photo_comment` (`PHOTO_COMMENT_ID`,`PHOTO_COMMENT_CONTENT`,`PHOTO_ID`,`USER_ID`,`PHOTO_COMMENT_TIME`) VALUES (47,'w',107,3,'2020-09-15 01:34:11');
INSERT INTO `photo_comment` (`PHOTO_COMMENT_ID`,`PHOTO_COMMENT_CONTENT`,`PHOTO_ID`,`USER_ID`,`PHOTO_COMMENT_TIME`) VALUES (51,'你好',115,3,'2020-09-15 16:56:35');
INSERT INTO `photo_comment` (`PHOTO_COMMENT_ID`,`PHOTO_COMMENT_CONTENT`,`PHOTO_ID`,`USER_ID`,`PHOTO_COMMENT_TIME`) VALUES (52,'你好',115,3,'2020-09-15 16:56:41');
INSERT INTO `photo_comment` (`PHOTO_COMMENT_ID`,`PHOTO_COMMENT_CONTENT`,`PHOTO_ID`,`USER_ID`,`PHOTO_COMMENT_TIME`) VALUES (53,'你好',115,3,'2020-09-15 16:56:41');
INSERT INTO `photo_comment` (`PHOTO_COMMENT_ID`,`PHOTO_COMMENT_CONTENT`,`PHOTO_ID`,`USER_ID`,`PHOTO_COMMENT_TIME`) VALUES (55,'wwwwwwwwwwww ',105,3,'2020-09-16 19:33:05');
INSERT INTO `photo_comment` (`PHOTO_COMMENT_ID`,`PHOTO_COMMENT_CONTENT`,`PHOTO_ID`,`USER_ID`,`PHOTO_COMMENT_TIME`) VALUES (56,'w ',105,3,'2020-09-16 19:43:58');
INSERT INTO `photo_comment` (`PHOTO_COMMENT_ID`,`PHOTO_COMMENT_CONTENT`,`PHOTO_ID`,`USER_ID`,`PHOTO_COMMENT_TIME`) VALUES (57,'w w ',105,3,'2020-09-16 19:44:00');
INSERT INTO `photo_comment` (`PHOTO_COMMENT_ID`,`PHOTO_COMMENT_CONTENT`,`PHOTO_ID`,`USER_ID`,`PHOTO_COMMENT_TIME`) VALUES (59,'1',117,3,'2020-09-17 18:56:20');
INSERT INTO `photo_comment` (`PHOTO_COMMENT_ID`,`PHOTO_COMMENT_CONTENT`,`PHOTO_ID`,`USER_ID`,`PHOTO_COMMENT_TIME`) VALUES (61,'1',18,3,'2020-09-17 21:12:59');
INSERT INTO `photo_comment` (`PHOTO_COMMENT_ID`,`PHOTO_COMMENT_CONTENT`,`PHOTO_ID`,`USER_ID`,`PHOTO_COMMENT_TIME`) VALUES (62,'213',104,3,'2020-09-18 22:02:50');
INSERT INTO `photo_comment` (`PHOTO_COMMENT_ID`,`PHOTO_COMMENT_CONTENT`,`PHOTO_ID`,`USER_ID`,`PHOTO_COMMENT_TIME`) VALUES (63,'asdfasdf',17,5,'2020-09-19 10:10:15');
INSERT INTO `photo_comment` (`PHOTO_COMMENT_ID`,`PHOTO_COMMENT_CONTENT`,`PHOTO_ID`,`USER_ID`,`PHOTO_COMMENT_TIME`) VALUES (64,'asdfasdf',18,5,'2020-09-19 10:10:41');
INSERT INTO `photo_comment` (`PHOTO_COMMENT_ID`,`PHOTO_COMMENT_CONTENT`,`PHOTO_ID`,`USER_ID`,`PHOTO_COMMENT_TIME`) VALUES (73,'可以给我一只嘛',158,41,'2020-09-19 17:14:17');
-- ----------------------------
-- Table structure for photo_visit
-- ----------------------------
    
CREATE TABLE `photo_visit` (
  `PHOTO_ID` int(11) NOT NULL,
  `USER_ID` int(11) NOT NULL,
  `PHOTO_VISIT_TIME` datetime NOT NULL,
  PRIMARY KEY (`PHOTO_ID`,`USER_ID`,`PHOTO_VISIT_TIME`),
  KEY `USER_ID` (`USER_ID`),
  CONSTRAINT `photo_visit_ibfk_1` FOREIGN KEY (`PHOTO_ID`) REFERENCES `photo` (`PHOTO_ID`) ON DELETE CASCADE,
  CONSTRAINT `photo_visit_ibfk_2` FOREIGN KEY (`USER_ID`) REFERENCES `user` (`USER_ID`) ON DELETE CASCADE
) ENGINE=InnoDB DEFAULT CHARSET=utf8; 
      

-- ----------------------------
-- Table structure for topic
-- ----------------------------
    
CREATE TABLE `topic` (
  `TOPIC_ID` int(11) NOT NULL AUTO_INCREMENT,
  `TOPIC_TITLE` text,
  `TOPIC_CONTENT` text,
  `ANSWER_NUM` int(11) DEFAULT NULL,
  `USER_ID` int(11) DEFAULT NULL,
  `TOPIC_UPLOAD_TIME` datetime DEFAULT NULL,
  `ZONE_ID` int(11) DEFAULT NULL,
  PRIMARY KEY (`TOPIC_ID`),
  KEY `USER_ID` (`USER_ID`),
  KEY `ZONE_ID` (`ZONE_ID`),
  CONSTRAINT `topic_ibfk_1` FOREIGN KEY (`USER_ID`) REFERENCES `user` (`USER_ID`) ON DELETE CASCADE,
  CONSTRAINT `topic_ibfk_2` FOREIGN KEY (`ZONE_ID`) REFERENCES `zone` (`ZONE_ID`) ON DELETE CASCADE
) ENGINE=InnoDB AUTO_INCREMENT=49 DEFAULT CHARSET=utf8; 
      
INSERT INTO `topic` (`TOPIC_ID`,`TOPIC_TITLE`,`TOPIC_CONTENT`,`ANSWER_NUM`,`USER_ID`,`TOPIC_UPLOAD_TIME`,`ZONE_ID`) VALUES (3,'topic3','topic3_content',4,3,'2020-09-06 17:14:40',1);
INSERT INTO `topic` (`TOPIC_ID`,`TOPIC_TITLE`,`TOPIC_CONTENT`,`ANSWER_NUM`,`USER_ID`,`TOPIC_UPLOAD_TIME`,`ZONE_ID`) VALUES (6,'asdfasdjf','testtopictesttopictesttopictesttopictesttopictesttopictesttopictesttopictesttopictesttopictesttopictesttopictesttopictesttopictesttopictesttopictesttopictesttopictesttopictesttopictesttopictesttopictesttopictesttopictesttopictesttopictesttopictesttopictesttopictesttopictesttopictesttopictesttopictesttopictesttopictesttopictesttopictesttopictesttopictesttopictesttopictesttopictesttopictesttopictesttopictesttopictesttopictesttopictesttopictesttopictesttopictesttopictesttopictesttopictesttopictesttopictesttopictesttopictesttopictesttopictesttopictesttopictesttopictesttopictesttopictesttopictesttopictesttopictesttopictesttopictesttopictesttopictesttopictesttopic',11,3,'2020-09-07 22:05:24',1);
INSERT INTO `topic` (`TOPIC_ID`,`TOPIC_TITLE`,`TOPIC_CONTENT`,`ANSWER_NUM`,`USER_ID`,`TOPIC_UPLOAD_TIME`,`ZONE_ID`) VALUES (8,'asdfasdfasdf','111',1,3,'2020-09-07 22:27:39',1);
INSERT INTO `topic` (`TOPIC_ID`,`TOPIC_TITLE`,`TOPIC_CONTENT`,`ANSWER_NUM`,`USER_ID`,`TOPIC_UPLOAD_TIME`,`ZONE_ID`) VALUES (9,'111asdf','111',1,3,'2020-09-07 22:27:58',1);
INSERT INTO `topic` (`TOPIC_ID`,`TOPIC_TITLE`,`TOPIC_CONTENT`,`ANSWER_NUM`,`USER_ID`,`TOPIC_UPLOAD_TIME`,`ZONE_ID`) VALUES (10,'111ddadsdsfsdf','111',1,3,'2020-09-07 22:30:20',1);
INSERT INTO `topic` (`TOPIC_ID`,`TOPIC_TITLE`,`TOPIC_CONTENT`,`ANSWER_NUM`,`USER_ID`,`TOPIC_UPLOAD_TIME`,`ZONE_ID`) VALUES (31,'看似厉害的人是怎么分析问题的？','经常做一个方案显示页面如PPT没把问题讲清楚，他人一个问题就貌似发现了关键，这到底是一种怎么样的思维方式？',7,5,'2020-09-12 17:16:45',1);
INSERT INTO `topic` (`TOPIC_ID`,`TOPIC_TITLE`,`TOPIC_CONTENT`,`ANSWER_NUM`,`USER_ID`,`TOPIC_UPLOAD_TIME`,`ZONE_ID`) VALUES (33,'如何学会摄影？','我想学习摄影，但是不知道怎么学习摄影，所以我要学习如何学习摄影，所以我要学习如何学习学习摄影，所以我要学习如何学习学习学习摄影。',2,5,'2020-09-13 09:30:45',1);
INSERT INTO `topic` (`TOPIC_ID`,`TOPIC_TITLE`,`TOPIC_CONTENT`,`ANSWER_NUM`,`USER_ID`,`TOPIC_UPLOAD_TIME`,`ZONE_ID`) VALUES (35,'你好','我是宝宝二号',0,5,'2020-09-13 13:51:31',1);
INSERT INTO `topic` (`TOPIC_ID`,`TOPIC_TITLE`,`TOPIC_CONTENT`,`ANSWER_NUM`,`USER_ID`,`TOPIC_UPLOAD_TIME`,`ZONE_ID`) VALUES (36,'你好','宝宝三号',2,5,'2020-09-13 13:54:39',1);
INSERT INTO `topic` (`TOPIC_ID`,`TOPIC_TITLE`,`TOPIC_CONTENT`,`ANSWER_NUM`,`USER_ID`,`TOPIC_UPLOAD_TIME`,`ZONE_ID`) VALUES (37,'你好','宝宝成功',2,5,'2020-09-13 13:56:00',1);
INSERT INTO `topic` (`TOPIC_ID`,`TOPIC_TITLE`,`TOPIC_CONTENT`,`ANSWER_NUM`,`USER_ID`,`TOPIC_UPLOAD_TIME`,`ZONE_ID`) VALUES (38,'g内容欸u华人','v贾巴尔不公开快乐圣诞节',2,5,'2020-09-13 18:54:56',6);
INSERT INTO `topic` (`TOPIC_ID`,`TOPIC_TITLE`,`TOPIC_CONTENT`,`ANSWER_NUM`,`USER_ID`,`TOPIC_UPLOAD_TIME`,`ZONE_ID`) VALUES (40,'烦烦烦烦烦烦烦烦烦烦烦烦烦烦烦烦烦烦烦烦烦烦烦烦烦烦烦烦烦烦烦烦烦烦烦烦烦烦烦烦烦烦烦烦烦烦烦烦烦烦烦烦烦烦烦烦烦烦烦烦烦烦烦烦烦烦烦烦烦烦烦烦烦烦烦烦烦烦烦烦烦烦烦烦烦烦烦烦烦烦烦烦烦烦烦烦烦烦烦烦烦烦烦烦烦烦烦烦烦烦烦烦烦烦烦烦烦烦烦烦烦烦烦烦烦烦烦烦烦烦烦烦烦烦烦烦烦烦烦烦烦烦烦烦烦烦烦烦烦烦烦烦烦烦烦烦烦烦烦烦烦烦烦烦烦烦烦烦烦烦烦烦烦烦烦烦烦烦烦烦烦烦烦烦烦烦烦烦烦烦烦烦烦烦烦烦烦烦烦烦烦烦烦烦烦烦烦烦烦烦烦烦烦烦烦烦烦烦烦烦烦烦烦烦烦烦烦烦烦烦烦烦烦烦烦烦烦烦烦烦烦烦烦烦烦烦烦烦烦烦烦烦烦烦烦烦烦烦','烦烦烦烦',10,5,'2020-09-13 19:32:15',1);
INSERT INTO `topic` (`TOPIC_ID`,`TOPIC_TITLE`,`TOPIC_CONTENT`,`ANSWER_NUM`,`USER_ID`,`TOPIC_UPLOAD_TIME`,`ZONE_ID`) VALUES (41,'hhh','fff',0,3,'2020-09-15 18:06:41',1);
INSERT INTO `topic` (`TOPIC_ID`,`TOPIC_TITLE`,`TOPIC_CONTENT`,`ANSWER_NUM`,`USER_ID`,`TOPIC_UPLOAD_TIME`,`ZONE_ID`) VALUES (42,'hhh','fff',0,3,'2020-09-15 18:08:40',1);
INSERT INTO `topic` (`TOPIC_ID`,`TOPIC_TITLE`,`TOPIC_CONTENT`,`ANSWER_NUM`,`USER_ID`,`TOPIC_UPLOAD_TIME`,`ZONE_ID`) VALUES (43,'hhh','fff',1,3,'2020-09-15 18:09:35',1);
INSERT INTO `topic` (`TOPIC_ID`,`TOPIC_TITLE`,`TOPIC_CONTENT`,`ANSWER_NUM`,`USER_ID`,`TOPIC_UPLOAD_TIME`,`ZONE_ID`) VALUES (44,'hhh','fff',1,3,'2020-09-15 18:10:31',1);
INSERT INTO `topic` (`TOPIC_ID`,`TOPIC_TITLE`,`TOPIC_CONTENT`,`ANSWER_NUM`,`USER_ID`,`TOPIC_UPLOAD_TIME`,`ZONE_ID`) VALUES (48,'我问点什么好呢？','我问点什么好呢？我问点什么好呢？我问点什么好呢？',1,41,'2020-09-19 17:19:24',10);
-- ----------------------------
-- Table structure for topic_answer_reply
-- ----------------------------
    
CREATE TABLE `topic_answer_reply` (
  `TOPIC_ANSWER_ID` int(11) NOT NULL AUTO_INCREMENT,
  `TOPIC_ID` int(11) DEFAULT NULL,
  `ANSWER_LIKES` int(11) DEFAULT NULL,
  `ANSWER_CONTENT` text,
  `USER_ID` int(11) DEFAULT NULL,
  `ANSWER_UPLOAD_TIME` datetime DEFAULT NULL,
  `PARENT_ANSWER_ID` int(11) DEFAULT NULL,
  PRIMARY KEY (`TOPIC_ANSWER_ID`),
  KEY `TOPIC_ID` (`TOPIC_ID`),
  KEY `USER_ID` (`USER_ID`),
  KEY `PARENT_ANSWER_ID` (`PARENT_ANSWER_ID`),
  CONSTRAINT `topic_answer_reply_ibfk_1` FOREIGN KEY (`TOPIC_ID`) REFERENCES `topic` (`TOPIC_ID`) ON DELETE CASCADE,
  CONSTRAINT `topic_answer_reply_ibfk_2` FOREIGN KEY (`USER_ID`) REFERENCES `user` (`USER_ID`) ON DELETE CASCADE,
  CONSTRAINT `topic_answer_reply_ibfk_3` FOREIGN KEY (`PARENT_ANSWER_ID`) REFERENCES `topic_answer_reply` (`TOPIC_ANSWER_ID`) ON DELETE CASCADE
) ENGINE=InnoDB AUTO_INCREMENT=88 DEFAULT CHARSET=utf8; 
      
INSERT INTO `topic_answer_reply` (`TOPIC_ANSWER_ID`) VALUES (-1);
INSERT INTO `topic_answer_reply` (`TOPIC_ANSWER_ID`) VALUES (0);
INSERT INTO `topic_answer_reply` (`TOPIC_ANSWER_ID`,`TOPIC_ID`,`ANSWER_LIKES`,`ANSWER_CONTENT`,`USER_ID`,`ANSWER_UPLOAD_TIME`,`PARENT_ANSWER_ID`) VALUES (1,3,2,'hello',3,'2020-09-09 11:28:07',-1);
INSERT INTO `topic_answer_reply` (`TOPIC_ANSWER_ID`,`TOPIC_ID`,`ANSWER_LIKES`,`ANSWER_CONTENT`,`USER_ID`,`ANSWER_UPLOAD_TIME`,`PARENT_ANSWER_ID`) VALUES (4,3,2,'hello1',3,'2020-09-09 11:28:07',-1);
INSERT INTO `topic_answer_reply` (`TOPIC_ANSWER_ID`,`TOPIC_ID`,`ANSWER_LIKES`,`ANSWER_CONTENT`,`USER_ID`,`ANSWER_UPLOAD_TIME`,`PARENT_ANSWER_ID`) VALUES (5,3,2,'hello2',3,'2020-09-09 11:28:07',-1);
INSERT INTO `topic_answer_reply` (`TOPIC_ANSWER_ID`,`TOPIC_ID`,`ANSWER_LIKES`,`ANSWER_CONTENT`,`USER_ID`,`ANSWER_UPLOAD_TIME`,`PARENT_ANSWER_ID`) VALUES (6,3,2,'hello3',3,'2020-09-09 11:28:07',-1);
INSERT INTO `topic_answer_reply` (`TOPIC_ANSWER_ID`,`TOPIC_ID`,`ANSWER_LIKES`,`ANSWER_CONTENT`,`USER_ID`,`ANSWER_UPLOAD_TIME`,`PARENT_ANSWER_ID`) VALUES (7,3,2,'hello4',3,'2020-09-09 11:28:07',-1);
INSERT INTO `topic_answer_reply` (`TOPIC_ANSWER_ID`,`TOPIC_ID`,`ANSWER_LIKES`,`ANSWER_CONTENT`,`USER_ID`,`ANSWER_UPLOAD_TIME`,`PARENT_ANSWER_ID`) VALUES (11,3,2,'hellohello1',3,'2020-09-09 20:17:46',4);
INSERT INTO `topic_answer_reply` (`TOPIC_ANSWER_ID`,`TOPIC_ID`,`ANSWER_LIKES`,`ANSWER_CONTENT`,`USER_ID`,`ANSWER_UPLOAD_TIME`,`PARENT_ANSWER_ID`) VALUES (12,3,2,'hellohello2',3,'2020-09-09 20:17:46',4);
INSERT INTO `topic_answer_reply` (`TOPIC_ANSWER_ID`,`TOPIC_ID`,`ANSWER_LIKES`,`ANSWER_CONTENT`,`USER_ID`,`ANSWER_UPLOAD_TIME`,`PARENT_ANSWER_ID`) VALUES (13,3,2,'hellohello3',3,'2020-09-09 20:17:46',6);
INSERT INTO `topic_answer_reply` (`TOPIC_ANSWER_ID`,`TOPIC_ID`,`ANSWER_LIKES`,`ANSWER_CONTENT`,`USER_ID`,`ANSWER_UPLOAD_TIME`,`PARENT_ANSWER_ID`) VALUES (14,6,0,'answeransweransweransweransweransweransweransweransweransweransweransweransweransweransweransweransweransweransweransweransweransweransweransweransweransweransweraansweransweransweransweransweransweransweransweransweransweransweransweransweansweransweraransweransweransweransweransweransweransweranswernsweransweransweransweransweransweransweransweranswer',3,'2020-09-09 20:49:46',-1);
INSERT INTO `topic_answer_reply` (`TOPIC_ANSWER_ID`,`TOPIC_ID`,`ANSWER_LIKES`,`ANSWER_CONTENT`,`USER_ID`,`ANSWER_UPLOAD_TIME`,`PARENT_ANSWER_ID`) VALUES (15,6,0,'answeransweransweransweransweransweransweransweransweransweransweransweransweransweransweransweransweransweransweransweransweransweransweransweransweransweransweraansweransweransweransweransweransweransweransweransweransweransweransweransweansweransweraransweransweransweransweransweransweransweranswernsweransweransweransweransweransweransweransweranswer',3,'2020-09-09 20:49:46',14);
INSERT INTO `topic_answer_reply` (`TOPIC_ANSWER_ID`,`TOPIC_ID`,`ANSWER_LIKES`,`ANSWER_CONTENT`,`USER_ID`,`ANSWER_UPLOAD_TIME`,`PARENT_ANSWER_ID`) VALUES (16,6,0,'answeransweransweransweransweransweransweransweransweransweransweransweransweransweransweransweransweransweransweransweransweransweransweransweransweransweransweraansweransweransweransweransweransweransweransweransweransweransweransweransweansweransweraransweransweransweransweransweransweransweranswernsweransweransweransweransweransweransweransweranswer',3,'2020-09-09 20:49:46',14);
INSERT INTO `topic_answer_reply` (`TOPIC_ANSWER_ID`,`TOPIC_ID`,`ANSWER_LIKES`,`ANSWER_CONTENT`,`USER_ID`,`ANSWER_UPLOAD_TIME`,`PARENT_ANSWER_ID`) VALUES (17,6,0,'过完她还要艰苦人力',5,'2020-09-11 22:23:08',-1);
INSERT INTO `topic_answer_reply` (`TOPIC_ANSWER_ID`,`TOPIC_ID`,`ANSWER_LIKES`,`ANSWER_CONTENT`,`USER_ID`,`ANSWER_UPLOAD_TIME`,`PARENT_ANSWER_ID`) VALUES (18,6,0,'二哥荣获微软',5,'2020-09-11 22:32:54',-1);
INSERT INTO `topic_answer_reply` (`TOPIC_ANSWER_ID`,`TOPIC_ID`,`ANSWER_LIKES`,`ANSWER_CONTENT`,`USER_ID`,`ANSWER_UPLOAD_TIME`,`PARENT_ANSWER_ID`) VALUES (19,6,0,'啵啵啵宝宝',5,'2020-09-11 22:34:30',-1);
INSERT INTO `topic_answer_reply` (`TOPIC_ANSWER_ID`,`TOPIC_ID`,`ANSWER_LIKES`,`ANSWER_CONTENT`,`USER_ID`,`ANSWER_UPLOAD_TIME`,`PARENT_ANSWER_ID`) VALUES (20,6,0,'规划局',5,'2020-09-11 22:35:10',-1);
INSERT INTO `topic_answer_reply` (`TOPIC_ANSWER_ID`,`TOPIC_ID`,`ANSWER_LIKES`,`ANSWER_CONTENT`,`USER_ID`,`ANSWER_UPLOAD_TIME`,`PARENT_ANSWER_ID`) VALUES (21,6,0,'那是什么？',5,'2020-09-11 22:37:54',-1);
INSERT INTO `topic_answer_reply` (`TOPIC_ANSWER_ID`,`TOPIC_ID`,`ANSWER_LIKES`,`ANSWER_CONTENT`,`USER_ID`,`ANSWER_UPLOAD_TIME`,`PARENT_ANSWER_ID`) VALUES (22,6,0,'不然就要',5,'2020-09-11 22:45:51',-1);
INSERT INTO `topic_answer_reply` (`TOPIC_ANSWER_ID`,`TOPIC_ID`,`ANSWER_LIKES`,`ANSWER_CONTENT`,`USER_ID`,`ANSWER_UPLOAD_TIME`,`PARENT_ANSWER_ID`) VALUES (23,6,0,'不然就要投入和',5,'2020-09-11 22:46:10',-1);
INSERT INTO `topic_answer_reply` (`TOPIC_ANSWER_ID`,`TOPIC_ID`,`ANSWER_LIKES`,`ANSWER_CONTENT`,`USER_ID`,`ANSWER_UPLOAD_TIME`,`PARENT_ANSWER_ID`) VALUES (24,6,0,'给很容易就',5,'2020-09-11 22:48:25',-1);
INSERT INTO `topic_answer_reply` (`TOPIC_ANSWER_ID`,`TOPIC_ID`,`ANSWER_LIKES`,`ANSWER_CONTENT`,`USER_ID`,`ANSWER_UPLOAD_TIME`,`PARENT_ANSWER_ID`) VALUES (26,3,0,'呢吗图看人家有',5,'2020-09-11 23:23:46',-1);
INSERT INTO `topic_answer_reply` (`TOPIC_ANSWER_ID`,`TOPIC_ID`,`ANSWER_LIKES`,`ANSWER_CONTENT`,`USER_ID`,`ANSWER_UPLOAD_TIME`,`PARENT_ANSWER_ID`) VALUES (27,3,0,'我太强了！兴奋！搞得有模有样的！太牛了！',5,'2020-09-11 23:24:14',-1);
INSERT INTO `topic_answer_reply` (`TOPIC_ANSWER_ID`,`TOPIC_ID`,`ANSWER_LIKES`,`ANSWER_CONTENT`,`USER_ID`,`ANSWER_UPLOAD_TIME`,`PARENT_ANSWER_ID`) VALUES (28,3,0,'你看我能回复吗',5,'2020-09-11 23:28:16',-1);
INSERT INTO `topic_answer_reply` (`TOPIC_ANSWER_ID`,`TOPIC_ID`,`ANSWER_LIKES`,`ANSWER_CONTENT`,`USER_ID`,`ANSWER_UPLOAD_TIME`,`PARENT_ANSWER_ID`) VALUES (34,8,0,'我来回答！',5,'2020-09-12 00:08:18',-1);
INSERT INTO `topic_answer_reply` (`TOPIC_ANSWER_ID`,`TOPIC_ID`,`ANSWER_LIKES`,`ANSWER_CONTENT`,`USER_ID`,`ANSWER_UPLOAD_TIME`,`PARENT_ANSWER_ID`) VALUES (39,10,0,'规划肉夹馍，美女吧',5,'2020-09-12 08:03:03',-1);
INSERT INTO `topic_answer_reply` (`TOPIC_ANSWER_ID`,`TOPIC_ID`,`ANSWER_LIKES`,`ANSWER_CONTENT`,`USER_ID`,`ANSWER_UPLOAD_TIME`,`PARENT_ANSWER_ID`) VALUES (56,31,0,'厉害的人有一种非常无敌的视角，叫【创造者视角】。这特么绝对是个开挂的东西，为什么人家连PPT都还没讲完，他一个眼神就貌似发现了关键，为什么别人都沉迷抖音追剧追综艺，他万花丛中过片叶不沾身？让我们进入这期的《走进科学》之——聪明人的脑子到底是怎么长的。1前一阵子《隐秘的角落》很火~哪怕是对剧无感的我也没忍住熬夜看完了，当时和朋友交流了一波观后感，以下是没文化的我们的聊天内容：“开幕雷击，明天跟我一起去爬山吗？”“转发这个朱朝阳一个暑假不学习你也能考第一”“剧情牛逼暗线牛逼脑洞牛逼导演牛逼音乐牛逼”但我和我旁边的高贵同事交流观后感时，她是这么说的：“这部剧的节奏感安排得很有意思，在该埋悬疑点的地方猛设抓手，没有一个废镜头，伏笔都是连锁爆发的，而且你没发现导演特别会用蒙太奇吗？”我：……咳咳，回头我仔细想了想，除了我显然更沙雕以外，其实这也彰显了我们两个不同的思考模式。就是，我仅仅说了我看完这部剧的感受（真-观后感），而她却直接看透了这部剧让我产生这些感受背后的逻辑。不过还好，我后面仔细想了想发现这不是天赋智商的问题……（差点哭了QAQ），只不过是我俩所代入的身份不同而已。因为，有一个不易被察觉到的点，就是我们每个人在生活中的一个身份啊，其实都是消费者——不是指只有花钱的那种消费，时间，注意力的消费也算。你花几十块钱买了一杯奶茶，一根口红，是金钱上的消费。你花了两个小时去刷抖音，看电影，是时间上的消费。你一边心不在焉的应付作业一边兴致满满的和朋友聊天，是注意力上的消费。你仔细想一想，我们的生活中是不是充满了各种各样的消费？我们在用金钱，时间，注意力去为自己换取一些物质，娱乐，人际关系~明白了这点后，你就可以看出来了：我是站在「消费者」的角度，去看这部剧的。而她却是从「创造者」的角度，去看这部剧的。2生活中的每个人，都在不自觉的消费着。但只有极少数的人，不仅会消费，还会主动去创造。这就是一种「创造者思维」。其实这个思维我在上个月的推送里提了一嘴~当时留言里很多小可爱都很感兴趣，正好在这篇里我想再深入的讲讲。站在创造者的视角呢，和站在消费者的视角，看到的东西是完全不同的。（就比如我只能玩玩梗，但是别人就能看出一部作品真正的营养）所以插播一句，就是建议你要先去看书，听TED的演讲，或者看纪录片和一些音频课，提升认知，拥有更多的视角。嗯我初期也是个只会刷微博刷知乎的小乐色，现在这不也能写出文章来了嘛~啊如果你也想提升却不知道该看点什么，如何下手，那我也把我学习路上搜摸了很久的的书单、TED演讲等学习资源分享给你，这些内容帮我主动变得自律，提升认知开阔眼界，甚至找到了现在喜欢的工作。（害，真的都是私藏宝藏了）知道你们懒得回复那么多次，所以我把课程、书单、演讲都整理到一个文件夹里了，来公众号【拾柴院】就能领到全部这些我的成长资料啦，我保证，这些资料会对你的影响很大 ;-)好了，然后老规矩举个栗子。王者荣耀的游戏策划，是不准自家儿子打王者的。因为作为游戏设计者，他们非常清楚怎么让人沉迷游戏，毕竟百万玩家的数据和群众的偏好，都被大数据给算的明明白白的……新玩家首冲送礼包啊，签到满xx天抽奖送炫酷皮肤……站在消费者视角来看，这些花里胡哨的福利和奖品让人无法抗拒。但站在游戏创造者的视角看，游戏根本就没什么好玩的。那些炫酷的皮肤特效，在他们眼中只不过是让玩家沉迷，往游戏里氪金的设计而已。再拿我来说吧……虽然赏剧方面是挺白痴的，但好歹也是写过几十万字的人，我对文字的敏感度也是远超于常人的。各种软文、干货、鸡汤、故事……作者的究竟是真情实感流露，还是有意而为之，我都能从他的行文间感知出一二。所以，我也不会轻易被网上的一些风言风语所煽动，因为我始终保持着「创造者视角」的敏感度。当你站在消费者视角时，你所看到的一切东西，永远都是别人希望你看到的那样。只有站在创造者视角时，你才能看透这些东西肤浅的表面背后，映射出的真相和本质。对了，看到这里说明你也是个有独立思考能力，有意志变成一个厉害的人，希望你花一秒给我点个赞，也能加深对这个回答的记忆点哦~因为这是我很用心写的内容，如果你能给我一个赞支持一下就太好啦 3那，怎么得到「创造者思维」呢？1、质疑如果我们看到的东西都不一定是真实的，那为什么我们不能时刻保持对生活的“质疑”呢？我从小就有一个习惯，就是干啥都喜欢问个为什么。为什么我要好好学习天天向上？我不那么努力行不行？为什么我非要找个好工作？我找个自己喜欢的行不行？为什么我一定要自律？我就舒服当个咸鱼行不行？小时候这些问题都以我妈不耐烦的：“吃吃吃，赶紧吃饭，怎么吃多少都堵不住你这张破嘴”而告终。这些生活加给我们的规则，只要你仔细审视一下，就会发现它不一定是对的。人生不是考试，什么都会有标准答案，生活中的大多数规则，对我们而言都只不过是“仅供参考”。我从来不看那些什么【人生必做的100件事】啊之类的……如果你不主动去质疑去想，仅仅照着别人的答案抄，你自己的人生也不会有任何获益。人生可不是选择题，是作文题啊，而命题的人只能是你自己。就像李诞说的，呵呵呵大哥我知道你的成功可以复制，可是我不知道该往哪儿粘贴。我们需要读书，但我们可以质疑，我内心真正想学的是什么？这些书是不是适合我读的？我们需要找工作，但我们可以质疑，我的学历真的会决定我的工作吗？我可不可以去往其他方面提升自我价值呢？让自己觉察到规则，再反过来去审视它，或许，你会找到另一种生活方式。这里送你一份对我很重要的东西吧——一份帮我养成独立思考能力的50本私人书单，不是什么豆瓣高分的畅销书，而是真正有营养有价值的好书。我特地放在了我对在公众号【拾柴院】，如果你需要，来关注公众号【拾柴院】就能看到啦。因为我知道，独立思考能力实在是太重要了。至少，你也想做出一些让自己未来不会后悔的选择吧？2、还原创造者会先创造出一样东西，然后才轮到消费者去消费。那么，我们从消费者视角，再转回创造者视角的这个操作，我们不如把它叫做「逆向工程」。小时候，很多调皮的小孩（好吧就是我）都喜欢拆东西。把收音机、MP3、电风扇什么的拆的七零八落，零件散落一地。因为我真的很好奇，里面到底是什么样的构造才能让它们运转起来的？其实这就是一种逆向工程，把一个事物还原到它最初的样貌，让自己更深入地理解它。（唯一的bug就是我拆完了拼不回去……）逆向推理真的很有趣。就比如前一阵子的腾讯大战老干妈，表面看上去是企鹅被骗了1600万，但它真的亏了吗？首先1600万呢，以企鹅千亿级别的季度营收来看，根本算不了什么。不开心了出个王者新皮肤就轻松赚回来了。而且腾讯这种级别的巨头企业早就不在意钱不钱的了，他们更在意的是品牌形象。而这次的老干妈事件，让大家对企鹅蠢萌的印象分飙升，各大品牌都来玩梗，活生生一次品牌形象优化。这样一次现象级的企业形象优化，可能就算去疯狂买灯牌推广位，满电梯贴小广告都不一定能做到。所以啊，世界是复杂的，它从来都不会表里如一。不妨去做个逆向工程，看看在表面背后，那些「看不到的」的东西，是什么？这样你也许才会对这个世界，有更深一层的理解吧。3、动手这点很好理解，就是当你意识到自己正在纯粹“消费”时，尝试去动手，转向“创造”。当你看到了一篇优秀的文章，你花费时间去阅读消费了它。但你有没有想过自己也按照这篇文章的结构和手法，去创造一篇文章呢？当你看到了一部很精彩的悬疑电影，你花费注意力去观看消费了它。但你有没有想过去主动拆解作者埋伏笔和设线索的手法，去做一期电影解析呢？当你玩到一款精良的神作游戏，当然不用你去再做一个游戏，但你有没有想过去主动寻找游戏彩蛋，创造新的玩法，写攻略分享出去呢？*一些自由度极高的游戏里这种大神经常出没，比如《塞尔达传说》和《我的世界》。这些都是从消费转向创造的方法呀~因为啊，一件事物最终呈现在消费者面前，背后一定是经过了层层设计和思考的。而当你不满足于它的表象，试着将它用你的方式呈现在大众面前的时候，你就算是从一个消费者变为了创造者。这是一个需要调动深度思考能力和执行力的过程，也是厉害的人和普通人的区别。这里安利我一直在听的课程吧——哈佛学习力课，我反复听了五六遍，教你思考和学习的方法真的非常系统和实用。在学习新技能或者动手去”创造“一些东西的过程中，它对我超级有帮助。我特地整理好了学习资源，如果你需要，关注我的公众号【拾柴院】，我把这套哈佛课也分享给你，我保证它会对你帮助超大。真的一定要看啊，因为应试教育给我们的学习暗示，很多都是错的。找到正确的，适合自己的学习方法真的太重要了。5为什么我一直非常崇拜同人作家和画手们呢？因为，他们是在真正的用兴趣去推动自己的创造力，用创作去平自己的意难平，而不是单纯的去消费作者产出的东西。更别说碰到一个坑爹的作者了。（一想到火影的结局，我就胃疼……）所以，如果你有了感兴趣的东西，试着不要只是去消费它，而是去参与创造它。当你能够作为一个创造者去思考与解析，或许面对一切复杂现实，你都不再会茫然与无措了。“欢迎来到我的世界。”',5,'2020-09-12 17:18:14',-1);
INSERT INTO `topic_answer_reply` (`TOPIC_ANSWER_ID`,`TOPIC_ID`,`ANSWER_LIKES`,`ANSWER_CONTENT`,`USER_ID`,`ANSWER_UPLOAD_TIME`,`PARENT_ANSWER_ID`) VALUES (57,31,0,'作者：申鹏\n链接：https://www.zhihu.com/question/304174916/answer/543316899\n来源：知乎\n著作权归作者所有。商业转载请联系作者获得授权，非商业转载请注明出处。\n\n恕我直言，高票答案看起来头头是道，高屋建瓴，拽名词掉书袋扯了一大堆，实际上，等于那个什么——放屁！高头讲章说得花团锦簇，我就问你，猪怎么杀？狗咬人怎么处理？自媒体营销号收智商税，该怎么收拾他们？连个具体案例分析都没有，就迫不及待出来装导师了。对不起，我说话粗鲁，没办法，就是见不得有人装模作样，非要把问题复杂化。这世上大部分事情，只需要实事求是，具体问题具体分析就够了。大部分学生学习不好，就是因为不够努力，做的题不够多，读书不仔细，他们还没资格去讲究什么学习方法；大部分员工工作水平不高，还就是因为又懒又笨又不负责任，做一天和尚撞一天钟，他们还没资格去思考什么心胸格局大局观；大部分老板生意做不好，是因为他们又懒又坏又垃圾，产品就是废品，服务就是忽悠，理想就是搞了钱跑路，所以他们更没资格去研究什么系统问题。别嘲笑什么头痛医头、脚痛医脚，中国大部分的问题，能够做到头痛医头、脚痛医脚就谢天谢地了。因为99%的问题，都不需要去装逼反思什么体制什么国民性，你干的不好，你解决不了问题，八成是因为你自己无能，自己垃圾，自己不怀好意。举个例子，锤子科技业绩不好，产品卖不出去，工资发不出，到处欠钱，是个问题吧？这个问题需要装逼从什么整体出发，系统考虑吗？因为它的产品确实就是垃圾啊，全靠PPT忽悠，能卖得好才是老天不长眼睛呢。罗永浩天天怪中国人民不识货，怪消费者不懂他的审美， 这就叫系统分析问题吗？再举个例子，国民党蒋介石治国治得经济崩溃，民不聊生，打仗一溃千里，剿匪把自己剿成了匪，最后转进海岛，徒子徒孙连党产都保不住，是个问题吧？这个问题怎么系统分析？难道说怪美国美刀武器支援不力？怪苏联送的枪炮卢布不够多？怪天下无人不通共？怪老百姓不识好歹，不做安安饿殍，却效奋臂螳螂？拜托，明明是自己太垃圾， 太无耻，太没本事。分析这个问题，实事求是就够了。厉害的人怎么分析问题？厉害的人当然也看全局，也看整体，也关心系统；但是他们都是朴素的唯物主义者，不会自己欺骗自己，不会自己糊弄自己，他们会一下子抓住问题的本质与核心，把握主要矛盾。商鞅看问题，就看出了秦国公室贵族纯属国家的蛀虫，占着茅坑不拉屎，阻碍生产力的发展，政治势力各行其是 ，一盘散沙，所以需要变法改革，耕战立国，非军功不得授爵，依法治国。这才有了组织能力超群、生产力爆表、上下同心如臂使指的秦帝国。毛泽东看问题，写了一篇《中国社会各阶层分析 》，开篇发问“谁是我们的敌人 谁是我们的朋友，这是革命的首要问题 ”，搞清楚了，各个阶层中谁是朋友，谁是敌人，谁是可以团结的对象，谁是必须干死的死敌，那么你解决问题才能抓到重点，有的放矢。毛泽东搞秋收起义，大领导的意见是攻打大城市，而毛的看法是得往山里去 ，因为他是这么分析问题的，中国是半封建半殖民地社会，城市工人力量薄弱，在大城市不具备和国民党抗衡的实力，而各省边界农村则是各方势力犬牙交错支持，破产农民多，革命性强，易于宣传和组织，反而有着红色政权生存的空间。真正厉害的人，分析问题，教大家方法论的时候，从来不会装逼拽名词，从来不会云里雾里，把简单的问题复杂化，而是直入主题，切中要害，射人先射马，擒贼先擒王，实事求是去抓住主要矛盾，解决最迫切最关键的问题。比如杀猪，你好歹要知道猪长什么样子，怎么抓住它，它的气管和大动脉在哪里？它反抗怎么办？它逃跑怎么办？有些人猪都没见过，就开始系统性分析怎么环保、人道、无公害地杀猪了。这个世上大部分人连实事求是都做不到， 整天假装在学习，假装在研究问题，假装在调查，假装在工作，其实整天就是在糊弄老师 ，糊弄同事，糊弄领导 ，糊弄自己……还扯什么系统化、整体性？那些上班都上不好、明天就有可能被老板开除的营销号，又怎能以己之昏昏，使人昭昭？',5,'2020-09-12 17:21:05',-1);
INSERT INTO `topic_answer_reply` (`TOPIC_ANSWER_ID`,`TOPIC_ID`,`ANSWER_LIKES`,`ANSWER_CONTENT`,`USER_ID`,`ANSWER_UPLOAD_TIME`,`PARENT_ANSWER_ID`) VALUES (58,31,0,'答主回答得有理有力',5,'2020-09-12 17:21:33',57);
INSERT INTO `topic_answer_reply` (`TOPIC_ANSWER_ID`,`TOPIC_ID`,`ANSWER_LIKES`,`ANSWER_CONTENT`,`USER_ID`,`ANSWER_UPLOAD_TIME`,`PARENT_ANSWER_ID`) VALUES (59,31,0,'又反映了一个问题，大部分人都喜欢那些看起来像优秀答案的答案。',5,'2020-09-12 17:21:56',57);
INSERT INTO `topic_answer_reply` (`TOPIC_ANSWER_ID`,`TOPIC_ID`,`ANSWER_LIKES`,`ANSWER_CONTENT`,`USER_ID`,`ANSWER_UPLOAD_TIME`,`PARENT_ANSWER_ID`) VALUES (60,31,0,'大多都是因为抓不住主要矛盾就瞎鸡巴找各种方法论来提升自己的信心',5,'2020-09-12 17:22:15',57);
INSERT INTO `topic_answer_reply` (`TOPIC_ANSWER_ID`,`TOPIC_ID`,`ANSWER_LIKES`,`ANSWER_CONTENT`,`USER_ID`,`ANSWER_UPLOAD_TIME`,`PARENT_ANSWER_ID`) VALUES (61,31,0,'其实主要是智商问题。',5,'2020-09-12 17:22:25',57);
INSERT INTO `topic_answer_reply` (`TOPIC_ANSWER_ID`,`TOPIC_ID`,`ANSWER_LIKES`,`ANSWER_CONTENT`,`USER_ID`,`ANSWER_UPLOAD_TIME`,`PARENT_ANSWER_ID`) VALUES (62,31,0,'v头发脱衣服v他',5,'2020-09-12 17:23:06',56);
INSERT INTO `topic_answer_reply` (`TOPIC_ANSWER_ID`,`TOPIC_ID`,`ANSWER_LIKES`,`ANSWER_CONTENT`,`USER_ID`,`ANSWER_UPLOAD_TIME`,`PARENT_ANSWER_ID`) VALUES (64,9,0,'1什么1，就你闲的',5,'2020-09-13 09:28:35',-1);
INSERT INTO `topic_answer_reply` (`TOPIC_ANSWER_ID`,`TOPIC_ID`,`ANSWER_LIKES`,`ANSWER_CONTENT`,`USER_ID`,`ANSWER_UPLOAD_TIME`,`PARENT_ANSWER_ID`) VALUES (65,33,0,'禁止套娃',5,'2020-09-13 09:35:19',-1);
INSERT INTO `topic_answer_reply` (`TOPIC_ANSWER_ID`,`TOPIC_ID`,`ANSWER_LIKES`,`ANSWER_CONTENT`,`USER_ID`,`ANSWER_UPLOAD_TIME`,`PARENT_ANSWER_ID`) VALUES (66,33,0,'禁止禁止套娃',5,'2020-09-13 09:35:33',65);
INSERT INTO `topic_answer_reply` (`TOPIC_ANSWER_ID`,`TOPIC_ID`,`ANSWER_LIKES`,`ANSWER_CONTENT`,`USER_ID`,`ANSWER_UPLOAD_TIME`,`PARENT_ANSWER_ID`) VALUES (67,36,0,'hhhhh',5,'2020-09-13 18:48:51',-1);
INSERT INTO `topic_answer_reply` (`TOPIC_ANSWER_ID`,`TOPIC_ID`,`ANSWER_LIKES`,`ANSWER_CONTENT`,`USER_ID`,`ANSWER_UPLOAD_TIME`,`PARENT_ANSWER_ID`) VALUES (68,36,0,'好！',5,'2020-09-13 18:49:08',67);
INSERT INTO `topic_answer_reply` (`TOPIC_ANSWER_ID`,`TOPIC_ID`,`ANSWER_LIKES`,`ANSWER_CONTENT`,`USER_ID`,`ANSWER_UPLOAD_TIME`,`PARENT_ANSWER_ID`) VALUES (69,38,0,'fgbriuaihbrwibrgbrb',5,'2020-09-13 19:29:43',-1);
INSERT INTO `topic_answer_reply` (`TOPIC_ANSWER_ID`,`TOPIC_ID`,`ANSWER_LIKES`,`ANSWER_CONTENT`,`USER_ID`,`ANSWER_UPLOAD_TIME`,`PARENT_ANSWER_ID`) VALUES (70,38,0,'fnriuagbiruirwi',5,'2020-09-13 19:29:51',69);
INSERT INTO `topic_answer_reply` (`TOPIC_ANSWER_ID`,`TOPIC_ID`,`ANSWER_LIKES`,`ANSWER_CONTENT`,`USER_ID`,`ANSWER_UPLOAD_TIME`,`PARENT_ANSWER_ID`) VALUES (71,40,0,'hgcycgcg',5,'2020-09-14 20:57:04',-1);
INSERT INTO `topic_answer_reply` (`TOPIC_ANSWER_ID`,`TOPIC_ID`,`ANSWER_LIKES`,`ANSWER_CONTENT`,`USER_ID`,`ANSWER_UPLOAD_TIME`,`PARENT_ANSWER_ID`) VALUES (72,40,0,'jbjb',5,'2020-09-14 20:57:53',-1);
INSERT INTO `topic_answer_reply` (`TOPIC_ANSWER_ID`,`TOPIC_ID`,`ANSWER_LIKES`,`ANSWER_CONTENT`,`USER_ID`,`ANSWER_UPLOAD_TIME`,`PARENT_ANSWER_ID`) VALUES (73,40,0,'rthtrhh',5,'2020-09-14 20:58:33',-1);
INSERT INTO `topic_answer_reply` (`TOPIC_ANSWER_ID`,`TOPIC_ID`,`ANSWER_LIKES`,`ANSWER_CONTENT`,`USER_ID`,`ANSWER_UPLOAD_TIME`,`PARENT_ANSWER_ID`) VALUES (74,40,0,'huvuv',5,'2020-09-14 20:58:55',-1);
INSERT INTO `topic_answer_reply` (`TOPIC_ANSWER_ID`,`TOPIC_ID`,`ANSWER_LIKES`,`ANSWER_CONTENT`,`USER_ID`,`ANSWER_UPLOAD_TIME`,`PARENT_ANSWER_ID`) VALUES (75,40,0,'ibiuuugig',5,'2020-09-14 21:03:09',73);
INSERT INTO `topic_answer_reply` (`TOPIC_ANSWER_ID`,`TOPIC_ID`,`ANSWER_LIKES`,`ANSWER_CONTENT`,`USER_ID`,`ANSWER_UPLOAD_TIME`,`PARENT_ANSWER_ID`) VALUES (76,40,0,'kjjhuigiug',5,'2020-09-14 21:03:17',74);
INSERT INTO `topic_answer_reply` (`TOPIC_ANSWER_ID`,`TOPIC_ID`,`ANSWER_LIKES`,`ANSWER_CONTENT`,`USER_ID`,`ANSWER_UPLOAD_TIME`,`PARENT_ANSWER_ID`) VALUES (78,44,0,'gtrbgny',5,'2020-09-15 19:05:31',-1);
INSERT INTO `topic_answer_reply` (`TOPIC_ANSWER_ID`,`TOPIC_ID`,`ANSWER_LIKES`,`ANSWER_CONTENT`,`USER_ID`,`ANSWER_UPLOAD_TIME`,`PARENT_ANSWER_ID`) VALUES (79,43,0,'jvufuc',5,'2020-09-17 19:23:58',-1);
INSERT INTO `topic_answer_reply` (`TOPIC_ANSWER_ID`,`TOPIC_ID`,`ANSWER_LIKES`,`ANSWER_CONTENT`,`USER_ID`,`ANSWER_UPLOAD_TIME`,`PARENT_ANSWER_ID`) VALUES (80,40,0,'gewg',5,'2020-09-17 21:58:45',71);
INSERT INTO `topic_answer_reply` (`TOPIC_ANSWER_ID`,`TOPIC_ID`,`ANSWER_LIKES`,`ANSWER_CONTENT`,`USER_ID`,`ANSWER_UPLOAD_TIME`,`PARENT_ANSWER_ID`) VALUES (81,40,0,'def',5,'2020-09-17 21:58:52',-1);
INSERT INTO `topic_answer_reply` (`TOPIC_ANSWER_ID`,`TOPIC_ID`,`ANSWER_LIKES`,`ANSWER_CONTENT`,`USER_ID`,`ANSWER_UPLOAD_TIME`,`PARENT_ANSWER_ID`) VALUES (83,40,0,'grhwwe',5,'2020-09-19 12:10:57',-1);
INSERT INTO `topic_answer_reply` (`TOPIC_ANSWER_ID`,`TOPIC_ID`,`ANSWER_LIKES`,`ANSWER_CONTENT`,`USER_ID`,`ANSWER_UPLOAD_TIME`,`PARENT_ANSWER_ID`) VALUES (84,37,0,'宝宝你好！',5,'2020-09-19 17:05:53',-1);
INSERT INTO `topic_answer_reply` (`TOPIC_ANSWER_ID`,`TOPIC_ID`,`ANSWER_LIKES`,`ANSWER_CONTENT`,`USER_ID`,`ANSWER_UPLOAD_TIME`,`PARENT_ANSWER_ID`) VALUES (85,37,0,'宝宝美丽！',5,'2020-09-19 17:06:06',84);
INSERT INTO `topic_answer_reply` (`TOPIC_ANSWER_ID`,`TOPIC_ID`,`ANSWER_LIKES`,`ANSWER_CONTENT`,`USER_ID`,`ANSWER_UPLOAD_TIME`,`PARENT_ANSWER_ID`) VALUES (86,40,0,'？',5,'2020-09-19 17:06:24',72);
INSERT INTO `topic_answer_reply` (`TOPIC_ANSWER_ID`,`TOPIC_ID`,`ANSWER_LIKES`,`ANSWER_CONTENT`,`USER_ID`,`ANSWER_UPLOAD_TIME`,`PARENT_ANSWER_ID`) VALUES (87,48,0,'我回答点什么好呢？我回答点什么好呢？我回答点什么好呢？我回答点什么好呢？我回答点什么好呢？',41,'2020-09-19 17:19:44',-1);
-- ----------------------------
-- Table structure for topic_rank
-- ----------------------------
    
CREATE TABLE `topic_rank` (
  `TOPIC_RANK_DATE` date DEFAULT NULL,
  `TOPIC_RANK_TIME` time DEFAULT NULL,
  `TOPIC_ID` int(11) NOT NULL,
  `TOPIC_RANK_TYPE` varchar(1) DEFAULT NULL,
  `TOPIC_RANK` varchar(3) NOT NULL,
  PRIMARY KEY (`TOPIC_RANK`,`TOPIC_ID`),
  KEY `TOPIC_ID` (`TOPIC_ID`),
  CONSTRAINT `topic_rank_ibfk_1` FOREIGN KEY (`TOPIC_ID`) REFERENCES `topic` (`TOPIC_ID`) ON DELETE CASCADE
) ENGINE=InnoDB DEFAULT CHARSET=utf8; 
      

-- ----------------------------
-- Table structure for user
-- ----------------------------
    
CREATE TABLE `user` (
  `USER_ID` int(11) NOT NULL AUTO_INCREMENT,
  `STATE` varchar(4) DEFAULT NULL,
  `NICK_NAME` varchar(20) DEFAULT NULL,
  `PASSWORD` varchar(20) DEFAULT NULL,
  `AVATR` varchar(80) DEFAULT NULL,
  `GENDER` varchar(2) DEFAULT NULL,
  `LOCATION` varchar(20) DEFAULT NULL,
  `DOB` date DEFAULT NULL,
  `EMAIL` varchar(30) DEFAULT NULL,
  `TEL` varchar(20) DEFAULT NULL,
  `WECHAT` varchar(20) DEFAULT NULL,
  `ARTICLE_NUM` int(11) DEFAULT NULL,
  `FOLLOW_NUM` int(11) DEFAULT NULL,
  PRIMARY KEY (`USER_ID`)
) ENGINE=InnoDB AUTO_INCREMENT=44 DEFAULT CHARSET=utf8; 
      
INSERT INTO `user` (`USER_ID`,`NICK_NAME`,`PASSWORD`,`AVATR`,`FOLLOW_NUM`) VALUES (3,'www','123','BlogPics\\Avator\\defaultAvator.png',3);
INSERT INTO `user` (`USER_ID`,`NICK_NAME`,`PASSWORD`,`AVATR`,`FOLLOW_NUM`) VALUES (4,'panpan','12345','BlogPics\\Avator\\defaultAvator.png',0);
INSERT INTO `user` (`USER_ID`,`NICK_NAME`,`PASSWORD`,`AVATR`,`GENDER`,`LOCATION`,`DOB`,`EMAIL`,`TEL`,`WECHAT`,`FOLLOW_NUM`) VALUES (5,'cindy','424','BlogPics\\Avator\\e980d27e-f3ec-4f0f-8cde-01b959df981a_background05.jpg','女','？','0001-01-01','cindy250@qq.com','110120','123',6);
INSERT INTO `user` (`USER_ID`,`NICK_NAME`,`PASSWORD`,`AVATR`,`GENDER`,`LOCATION`,`DOB`,`EMAIL`,`TEL`,`WECHAT`,`FOLLOW_NUM`) VALUES (7,'user1','1234','BlogPics\\Avator\\ac237231-38b6-42e3-a5b7-e9cf9d177fbc_background01.jpg','女','成都市青羊区','2000-04-24','111@qq.com','123456789','123456789',3);
INSERT INTO `user` (`USER_ID`,`NICK_NAME`,`PASSWORD`,`AVATR`,`GENDER`,`LOCATION`,`DOB`,`EMAIL`,`TEL`,`WECHAT`) VALUES (8,'user2','1234','BlogPics\\Avator\\e25a659f-09b2-4674-9ec5-03d233573609_background05.jpg','男','上海','2000-01-01','111@qq.com','123456789','123456789');
INSERT INTO `user` (`USER_ID`,`NICK_NAME`,`PASSWORD`,`AVATR`,`GENDER`,`LOCATION`,`DOB`,`EMAIL`,`TEL`,`WECHAT`) VALUES (9,'user3','1234','BlogPics\\Avator\\defaultAvator.png','女','上海','2000-01-01','111@qq.com','123456789','123456789');
INSERT INTO `user` (`USER_ID`,`NICK_NAME`,`PASSWORD`,`AVATR`,`GENDER`) VALUES (11,'rwertwer','0','BlogPics\\Avator\\defaultAvator.png','男');
INSERT INTO `user` (`USER_ID`,`NICK_NAME`,`PASSWORD`,`AVATR`,`GENDER`,`EMAIL`,`TEL`,`WECHAT`) VALUES (20,'user4','1234','BlogPics\\Avator\\defaultAvator.png','男','11@qq.com','10086','10086');
INSERT INTO `user` (`USER_ID`,`NICK_NAME`,`PASSWORD`,`AVATR`,`GENDER`,`EMAIL`,`TEL`,`WECHAT`,`FOLLOW_NUM`) VALUES (21,'user5','1234','BlogPics\\Avator\\defaultAvator.png','女','22@qq.com','10000','10000',1);
INSERT INTO `user` (`USER_ID`,`NICK_NAME`,`PASSWORD`,`AVATR`,`GENDER`,`EMAIL`,`TEL`,`WECHAT`) VALUES (31,'aaa','aaa','BlogPics\\Avator\\defaultAvator.png','女','aaa','aaa','aaa');
INSERT INTO `user` (`USER_ID`,`NICK_NAME`,`PASSWORD`,`AVATR`,`GENDER`,`EMAIL`,`TEL`,`WECHAT`) VALUES (32,'user6','1234','BlogPics\\Avator\\defaultAvator.png','女','11@qq.com','111','111');
INSERT INTO `user` (`USER_ID`,`NICK_NAME`,`PASSWORD`,`AVATR`,`GENDER`,`EMAIL`,`TEL`,`WECHAT`) VALUES (33,'qwe','1234','BlogPics\\Avator\\defaultAvator.png','女','rew','fads','fads');
INSERT INTO `user` (`USER_ID`,`NICK_NAME`,`PASSWORD`,`AVATR`,`GENDER`,`EMAIL`,`TEL`,`WECHAT`) VALUES (34,'rr','qwer','BlogPics\\Avator\\defaultAvator.png','女','qwer','qwer','qwer');
INSERT INTO `user` (`USER_ID`,`NICK_NAME`,`PASSWORD`,`AVATR`,`EMAIL`,`TEL`,`WECHAT`) VALUES (35,'aaaaaaaqa','1234','BlogPics\\Avator\\defaultAvator.png','asdfsadfdsaf','fsdadsfsdafsda','sdffsdafsdafsdasdfa');
INSERT INTO `user` (`USER_ID`,`NICK_NAME`,`PASSWORD`,`AVATR`,`EMAIL`,`TEL`,`WECHAT`) VALUES (36,'Test','1111','BlogPics\\Avator\\defaultAvator.png','11@qq.com','111','111');
INSERT INTO `user` (`USER_ID`,`NICK_NAME`,`PASSWORD`,`AVATR`,`EMAIL`,`TEL`,`WECHAT`) VALUES (37,'ww','123','BlogPics\\Avator\\defaultAvator.png','www@126.com','12345678','wert');
INSERT INTO `user` (`USER_ID`,`NICK_NAME`,`PASSWORD`,`AVATR`,`EMAIL`,`TEL`,`WECHAT`) VALUES (38,'lym','123','BlogPics\\Avator\\defaultAvator.png','123@qq.com','110','110');
INSERT INTO `user` (`USER_ID`,`NICK_NAME`,`PASSWORD`,`AVATR`,`EMAIL`,`TEL`,`WECHAT`) VALUES (39,'cindy1','1234','BlogPics\\Avator\\defaultAvator.png','af','asdf','asdf');
INSERT INTO `user` (`USER_ID`,`NICK_NAME`,`PASSWORD`,`AVATR`,`EMAIL`,`TEL`,`WECHAT`) VALUES (40,'cindy1234','1234','BlogPics\\Avator\\defaultAvator.png','sdfasfasdfasd','asdfasdf','adfasdfa');
INSERT INTO `user` (`USER_ID`,`NICK_NAME`,`PASSWORD`,`AVATR`,`EMAIL`,`TEL`,`WECHAT`) VALUES (41,'wy','1234','BlogPics\\Avator\\913f0138-ab1f-4a33-8ea4-7eaa6cf332b9_微信图片_20200728122901.jpg','1234','1234','1234');
INSERT INTO `user` (`USER_ID`,`NICK_NAME`,`PASSWORD`,`AVATR`,`EMAIL`,`TEL`,`WECHAT`) VALUES (42,'Matrix','123456','BlogPics\\Avator\\defaultAvator.png','123456','17717284927','matrix__');
INSERT INTO `user` (`USER_ID`,`NICK_NAME`,`PASSWORD`,`AVATR`,`GENDER`,`LOCATION`,`DOB`,`EMAIL`,`TEL`,`WECHAT`) VALUES (43,'admin','admin','BlogPics\\Avator\\344b70c1-8815-4deb-aa8a-a8011a22a23a_background03.jpg','女','同济','2020-09-09','111','111','111');
-- ----------------------------
-- Table structure for user_follow
-- ----------------------------
    
CREATE TABLE `user_follow` (
  `ACTIVE_USER_ID` int(11) NOT NULL,
  `PASSIVE_USER_ID` int(11) NOT NULL,
  PRIMARY KEY (`ACTIVE_USER_ID`,`PASSIVE_USER_ID`),
  KEY `PASSIVE_USER_ID` (`PASSIVE_USER_ID`),
  CONSTRAINT `user_follow_ibfk_1` FOREIGN KEY (`ACTIVE_USER_ID`) REFERENCES `user` (`USER_ID`) ON DELETE CASCADE,
  CONSTRAINT `user_follow_ibfk_2` FOREIGN KEY (`PASSIVE_USER_ID`) REFERENCES `user` (`USER_ID`) ON DELETE CASCADE
) ENGINE=InnoDB DEFAULT CHARSET=utf8; 
      
INSERT INTO `user_follow` (`ACTIVE_USER_ID`,`PASSIVE_USER_ID`) VALUES (4,3);
INSERT INTO `user_follow` (`ACTIVE_USER_ID`,`PASSIVE_USER_ID`) VALUES (5,3);
INSERT INTO `user_follow` (`ACTIVE_USER_ID`,`PASSIVE_USER_ID`) VALUES (41,3);
INSERT INTO `user_follow` (`ACTIVE_USER_ID`,`PASSIVE_USER_ID`) VALUES (5,5);
INSERT INTO `user_follow` (`ACTIVE_USER_ID`,`PASSIVE_USER_ID`) VALUES (7,5);
INSERT INTO `user_follow` (`ACTIVE_USER_ID`,`PASSIVE_USER_ID`) VALUES (8,5);
INSERT INTO `user_follow` (`ACTIVE_USER_ID`,`PASSIVE_USER_ID`) VALUES (9,5);
INSERT INTO `user_follow` (`ACTIVE_USER_ID`,`PASSIVE_USER_ID`) VALUES (21,5);
INSERT INTO `user_follow` (`ACTIVE_USER_ID`,`PASSIVE_USER_ID`) VALUES (41,5);
INSERT INTO `user_follow` (`ACTIVE_USER_ID`,`PASSIVE_USER_ID`) VALUES (5,7);
INSERT INTO `user_follow` (`ACTIVE_USER_ID`,`PASSIVE_USER_ID`) VALUES (8,7);
INSERT INTO `user_follow` (`ACTIVE_USER_ID`,`PASSIVE_USER_ID`) VALUES (9,7);
INSERT INTO `user_follow` (`ACTIVE_USER_ID`,`PASSIVE_USER_ID`) VALUES (5,21);
-- ----------------------------
-- Table structure for zone
-- ----------------------------
    
CREATE TABLE `zone` (
  `ZONE_ID` int(11) NOT NULL,
  `ZONE_NAME` varchar(10) DEFAULT NULL,
  `ZONE_ARTICLE_NUM` int(11) DEFAULT NULL,
  `ZONE_TOPIC_NUM` int(11) DEFAULT NULL,
  PRIMARY KEY (`ZONE_ID`)
) ENGINE=InnoDB DEFAULT CHARSET=utf8; 
      
INSERT INTO `zone` (`ZONE_ID`,`ZONE_NAME`,`ZONE_ARTICLE_NUM`,`ZONE_TOPIC_NUM`) VALUES (1,'学习',33,15);
INSERT INTO `zone` (`ZONE_ID`,`ZONE_NAME`,`ZONE_ARTICLE_NUM`,`ZONE_TOPIC_NUM`) VALUES (2,'生活',8,0);
INSERT INTO `zone` (`ZONE_ID`,`ZONE_NAME`,`ZONE_ARTICLE_NUM`,`ZONE_TOPIC_NUM`) VALUES (3,'开发',9,0);
INSERT INTO `zone` (`ZONE_ID`,`ZONE_NAME`,`ZONE_ARTICLE_NUM`,`ZONE_TOPIC_NUM`) VALUES (4,'游戏',8,0);
INSERT INTO `zone` (`ZONE_ID`,`ZONE_NAME`,`ZONE_ARTICLE_NUM`,`ZONE_TOPIC_NUM`) VALUES (5,'娱乐',2,0);
INSERT INTO `zone` (`ZONE_ID`,`ZONE_NAME`,`ZONE_ARTICLE_NUM`,`ZONE_TOPIC_NUM`) VALUES (6,'体育',1,1);
INSERT INTO `zone` (`ZONE_ID`,`ZONE_NAME`,`ZONE_ARTICLE_NUM`,`ZONE_TOPIC_NUM`) VALUES (7,'影视',2,0);
INSERT INTO `zone` (`ZONE_ID`,`ZONE_NAME`,`ZONE_ARTICLE_NUM`,`ZONE_TOPIC_NUM`) VALUES (8,'资讯',1,0);
INSERT INTO `zone` (`ZONE_ID`,`ZONE_NAME`,`ZONE_ARTICLE_NUM`,`ZONE_TOPIC_NUM`) VALUES (9,'时尚',2,0);
INSERT INTO `zone` (`ZONE_ID`,`ZONE_NAME`,`ZONE_ARTICLE_NUM`,`ZONE_TOPIC_NUM`) VALUES (10,'舞蹈',0,1);
INSERT INTO `zone` (`ZONE_ID`,`ZONE_NAME`,`ZONE_ARTICLE_NUM`,`ZONE_TOPIC_NUM`) VALUES (11,'音乐',7,0);
INSERT INTO `zone` (`ZONE_ID`,`ZONE_NAME`,`ZONE_ARTICLE_NUM`,`ZONE_TOPIC_NUM`) VALUES (12,'其他',0,0);
-- ----------------------------
-- View structure for album_with_first_photo
-- ----------------------------
    
CREATE ALGORITHM=UNDEFINED DEFINER=`root`@`%` SQL SECURITY DEFINER VIEW `album_with_first_photo` AS (select `album`.`ALBUM_ID` AS `ALBUM_ID`,`album`.`ALBUM_INTRODUCTION` AS `ALBUM_INTRODUCTION`,`album`.`ALBUM_NAME` AS `ALBUM_NAME`,`album`.`ALBUM_TIME` AS `ALBUM_TIME`,`album`.`USER_ID` AS `USER_ID`,`photo`.`PHOTO_ID` AS `PHOTO_ID`,`photo`.`PHOTO_LIKES` AS `PHOTO_LIKES`,`photo`.`VISIT_NUM` AS `VISIT_NUM`,`photo`.`PHOTO_ADDRESS` AS `PHOTO_ADDRESS`,`photo`.`PHOTO_UPLOAD_TIME` AS `PHOTO_UPLOAD_TIME` from (`album` left join `photo` on((`album`.`ALBUM_ID` = `photo`.`ALBUM_ID`))));
-- ----------------------------
-- Trigger structure for album_deleted
-- ----------------------------
    
DELIMITER ;;
CREATE DEFINER=`root`@`%` trigger album_deleted after delete
    on album for each row
    delete from album_visit
    where album_visit.ALBUM_ID = OLD.ALBUM_ID
;;
DELIMITER ;
    